"path","category","bytes","sha256","git_lfs"
"data/processed/2021/axle_group_load_regressions.csv","processed","4768","da4c851045758225721985095a67999afd82cbae845e3857c4f305e618caf126","no"
"data/processed/2021/umo_qfv_share_scaled_all_ufs.csv","processed","64722","f7f8914d0f1dc30852835945f01b706264c832ac0416e3e387a397d09e52a139","no"
"data/processed/2021/umo_ucp_within_group_all_ufs.csv","processed","29582","ce7c155fec1d7e7c6cc37aaaf6c90a5e974b2b5840ede8a5bea869731f56f7bd","no"
"data/processed/2021/vmda_selected_all_ufs.csv","processed","16348","6fd4698ecc03cb0085ebdc6c7d76db6147b83abc7c7428deb5cf9976e3527919","no"
"data/processed/2023/axle_group_load_regressions.csv","processed","6882","1125c5d285ac4ad6e0fe6abe27cb1ab1386f83cfdc4c3c9012b1cdab21682f2d","no"
"data/processed/2023/gvw_models.csv","processed","3735","0312dc441584fd132ca993dc3430d52da12aa0daad09399654f3fd22b28eceed","no"
"data/processed/2023/umo_qfv_share_scaled_all_ufs.csv","processed","131922","1919d1e6840e570ab6a0007f36e4fbf739f77b409863f52a67e355cf6f4dbefd","no"
"data/processed/2023/umo_ucp_within_group_all_ufs.csv","processed","52790","01ce747c65fdd1dfb70de31d7e8d2ef19baf5e053de19948e0a40a97e34f925a","no"
"data/processed/2023/vmda_selected_all_ufs.csv","processed","65922","af7567a4560d3049f6a1b13909d7da1ebc2260ff58876b789760421072b8f330","no"
"data/processed/diagnostics/aadtt_by_state_summary.csv","processed","954","683c9dff929575ffdf2c9c65e08942f5765802c8b9d012ea96da206794c48d6f","no"
"data/processed/diagnostics/umo_adequacy_assessment.csv","processed","6543","c07c3c56a9498c70f92a14e3c9aac40aba369d392e0e5c114b16e32a7c57f77b","no"
"data/processed/diagnostics/umo_bootstrap_ci.csv","processed","5869","e599819b1f3ff78bfb357a875ae8efc15f7fc97678546d7b33cb18a4c54caa1a","no"
"data/processed/state_groups_aadtt.csv","processed","1320","c0ce6bf802bdc73da9159425b0545b68dfd42d367cdba41ca7cf4b91bb8b24f3","no"
"data/processed/traffic-contracts/lane_headways_by_uf.csv","processed","3207","d8462c27c9065029d4414b6ab4b583a8d94ac45e033b81acb90c6cd4dcc3c82f","no"
"data/processed/traffic-contracts/stpg_contract_MG.yaml","processed","475241","47f304ea57f3c2996b92e0e6e7b205eb57582964b4f68380fa7364fa5333634b","no"
"data/processed/traffic-contracts/stpg_contract_MT.yaml","processed","513655","2667479fce261f8ab2f081a883aa2d7d0fe54b56995a7f5db2706585b72071c0","no"
"data/processed/traffic-contracts/stpg_contract_PB.yaml","processed","513404","97cdce7079f49eeb3ef89b1484944cba2744909108963dbeccdbdbc897e5fb78","no"
"data/processed/traffic-contracts/stpg_contract_PR.yaml","processed","514480","cb5b34de6d9451755e5b9288779216fc084c8b0ce9064a2aa9ee44fd6560e715","no"
"data/processed/traffic-contracts/stpg_contract_RJ.yaml","processed","473330","d31d740013c06929cd9c1c5224a42667ee1bc4d8a188f022111582e69a8404b7","no"
"data/processed/traffic-contracts/stpg_contract_SC.yaml","processed","514482","86881448422448f4b9e1d2100bede341d44cf1ead5f06f2a01c87dc60d518589","no"
"data/processed/traffic-contracts/stpg_contract_SP.yaml","processed","514482","26ae8d459974f61addd74ff2b01ed03b4cd0538f1c6102b7145cabacabde1ccf","no"
"data/raw/dnit/2021/UMO_weighing_2021.xlsx","raw","28727316","fee0684c439c66b31c4ccd1d2368871258022f6229be0b6666ac5d203a966c98","yes"
"data/raw/dnit/2021/VMDA_2021.xlsx","raw","3673256","a32d833436ee15f25caeaa4c3cc1a15aa5ad7e8255a9499bd025d9af46369999","yes"
"data/raw/dnit/2023/UMO_weighing_2023.xlsx","raw","62185496","4794873a472ad40172d3d44f1e4699ab079418214a9ed6952aebf9705d82c17a","yes"
"data/raw/dnit/2023/VMDA_2023.xlsx","raw","1933671","b776e0a2e08ed9e47741a6d05170fb9b14aea645d8a5f510d35d7dffc0526dc3","yes"
"data/simulation-results/case_summary.csv","simulation-results","3876","21190ed3256f79cab2630ae9e97aa441d4cf86ceb350928cb1f22cdc7e7f2faa","no"
"data/simulation-results/q117_cases.csv","simulation-results","18369","3ef5d122654a0dbe1fd97d66c851e032944ed0941c017cffe8504bfb7a20bbe4","no"
"data/simulation-results/q117_cells.csv","simulation-results","141040","dd9cab8da3250d8206ca39883a1ce3cb270f71440744adda198b26513e723648","no"
"data/simulation-results/reference-effects/portela_effects.csv","simulation-results","1366","d70cd8010956519ff467018ba0f8ae46d8cf4afc361d4f09cbba3678c74497c7","no"
"data/simulation-results/reference-effects/tb45_effects.csv","simulation-results","1434","8b903a1e21bf01027194c10b88d69b4c195568fb249d1838396b6b79c759940c","no"
