UF,VMDa_Class,VeiculoClassificacaoQFV,share_within_group_balanced,n_umos_used,n_rows_used,vmda_group_share,scaled,share_scaled_by_vmda,fallback_all_umos
AL,A,2C,0.9903489590829745,9,26654,0.33217945167543617,0.3289735741955214,0.3289735741955214,False
AL,A,2CC,0.009651040917025571,9,26654,0.33217945167543617,0.003205877479914753,0.003205877479914753,False
AL,B,3C,0.997295935937332,9,26654,0.21545278316255884,0.21487018503440716,0.21487018503440716,False
AL,B,2I1,0.0017816112569667883,9,26654,0.21545278316255884,0.00038385310382723937,0.00038385310382723937,False
AL,B,2S1,0.000772908914569137,9,26654,0.21545278316255884,0.000166525376775073,0.000166525376775073,False
AL,B,3BB,0.00014954389113204728,9,26654,0.21545278316255884,3.221964754935829e-05,3.221964754935829e-05,False
AL,C,4CD,0.8602129255974479,9,26654,0.13126557740238162,0.11291634636754094,0.11291634636754094,False
AL,C,2S2,0.10601612496496833,9,26654,0.13126557740238162,0.013916267857489614,0.013916267857489614,False
AL,C,2I2,0.03092349495969447,9,26654,0.13126557740238162,0.004059190421183932,0.004059190421183932,False
AL,C,2C2,0.0028474544778892604,9,26654,0.13126557740238162,0.0003737727561671309,0.0003737727561671309,False
AL,D,2S3,0.909186870023815,9,26654,0.11215729714760454,0.10197194194396153,0.10197194194396153,False
AL,D,2I3,0.03720360647674253,9,26654,0.11215729714760454,0.0041726559465745565,0.0041726559465745565,False
AL,D,3S2,0.029838765039709905,9,26654,0.11215729714760454,0.003346635237076298,0.003346635237076298,False
AL,D,3I2,0.019701194728527976,9,26654,0.11215729714760454,0.0022096327513303326,0.0022096327513303326,False
AL,D,3C2,0.0034575596645377345,9,26654,0.11215729714760454,0.0003877905467011306,0.0003877905467011306,False
AL,D,2C3,0.0006120040666668208,9,26654,0.11215729714760454,6.8640721960693e-05,6.8640721960693e-05,False
AL,E,3S3,0.728113028408329,9,26654,0.1492661312655774,0.10868261487457472,0.10868261487457472,False
AL,E,3I3,0.26237825662518666,9,26654,0.1492661312655774,0.03916418729464846,0.03916418729464846,False
AL,E,3I1,0.004202365480783176,9,26654,0.1492661312655774,0.0006272708374805128,0.0006272708374805128,False
AL,E,2D4,0.002691272587466359,9,26654,0.1492661312655774,0.00040171584731220366,0.00040171584731220366,False
AL,E,2N4,0.0015898077989344528,9,26654,0.1492661312655774,0.0002373044596027887,0.0002373044596027887,False
AL,E,2R4,0.0006770000986310991,9,26654,0.1492661312655774,0.00010105318558907848,0.00010105318558907848,False
AL,E,3C3,0.00034826900066923204,9,26654,0.1492661312655774,5.198476636962505e-05,5.198476636962505e-05,False
AL,F,3T4,0.9134711530384113,9,26654,0.024231514815840488,0.022134789778693157,0.022134789778693157,False
AL,F,4DT,0.04599488250025161,9,26654,0.024231514815840488,0.0011145256767576893,0.0011145256767576893,False
AL,F,3D4,0.03554928052928479,9,26654,0.024231514815840488,0.0008614129178378343,0.0008614129178378343,False
AL,F,4R3,0.004984683932052353,9,26654,0.024231514815840488,0.00012078644255180861,0.00012078644255180861,False
AL,G,3V5,0.7666666666666666,9,26654,0.001938521185267239,0.0014861995753715498,0.0014861995753715498,False
AL,G,3P5,0.17777777777777778,9,26654,0.001938521185267239,0.0003446259884919536,0.0003446259884919536,False
AL,G,3M5,0.05555555555555555,9,26654,0.001938521185267239,0.00010769562140373549,0.00010769562140373549,False
AL,H,3T6,0.48960731615216946,9,26654,0.0335087233453337,0.01640611610479438,0.01640611610479438,False
AL,H,3M6,0.47155411989157753,9,26654,0.0335087233453337,0.01580117654579919,0.01580117654579919,False
AL,H,3R6,0.03883856395625297,9,26654,0.0335087233453337,0.0013014306947401301,0.0013014306947401301,False
BA,A,2C,1.0,2,7217,0.25897494528468296,0.25897494528468296,0.258974945284683,False
BA,B,3C,0.9952811829325962,2,7217,0.21258942279423773,0.21158625219760674,0.21158625219760677,False
BA,B,2I1,0.0026972463715397767,2,7217,0.21258942279423773,0.0005734060492594932,0.0005734060492594933,False
BA,B,2S1,0.0013486231857698884,2,7217,0.21258942279423773,0.0002867030246297466,0.00028670302462974667,False
BA,B,3BB,0.0006729475100942127,2,7217,0.21258942279423773,0.00014306152274174813,0.00014306152274174815,False
BA,C,4CD,0.8293956043956043,2,7217,0.1261882206905563,0.10465995556724984,0.10465995556724986,False
BA,C,2S2,0.15,2,7217,0.1261882206905563,0.018928233103583443,0.018928233103583447,False
BA,C,2I2,0.016758241758241758,2,7217,0.1261882206905563,0.002114692709374707,0.0021146927093747075,False
BA,C,2C2,0.0038461538461538464,2,7217,0.1261882206905563,0.0004853393103482935,0.00048533931034829356,False
BA,D,2S3,0.9354748129781508,2,7217,0.1045307549080456,0.09778588839806888,0.0977858883980689,False
BA,D,2I3,0.026524784368576092,2,7217,0.1045307549080456,0.0027726557338203866,0.002772655733820387,False
BA,D,3I2,0.017247864878038446,2,7217,0.1045307549080456,0.0018029323362533246,0.0018029323362533248,False
BA,D,3C2,0.01044514378960307,2,7217,0.1045307549080456,0.0010918387654502931,0.0010918387654502934,False
BA,D,3S2,0.010307393985631637,2,7217,0.1045307549080456,0.0010774396744527238,0.001077439674452724,False
BA,E,3S3,0.8493894687541818,2,7217,0.16884983503740242,0.14341927168165047,0.1434192716816505,False
BA,E,3I3,0.1476197644854811,2,7217,0.16884983503740242,0.024925572881633676,0.02492557288163368,False
BA,E,3I1,0.0029907667603372144,2,7217,0.16884983503740242,0.0005049904741182851,0.0005049904741182852,False
BA,F,3T4,0.8799438990182329,2,7217,0.050468755104040766,0.04440967314484597,0.04440967314484598,False
BA,F,4DT,0.10635811126694716,2,7217,0.050468755104040766,0.005367761470859876,0.005367761470859877,False
BA,F,3D4,0.01369798971482001,2,7217,0.050468755104040766,0.0006913204883349203,0.0006913204883349204,False
BA,G,3V5,1.0,2,7217,0.005030542579949695,0.005030542579949695,0.005030542579949696,False
BA,H,3M6,0.5795130795130795,2,7217,0.0733675236010845,0.04251743953831302,0.04251743953831303,False
BA,H,3T6,0.4204869204869205,2,7217,0.0733675236010845,0.030850084062771482,0.030850084062771486,False
CE,A,2C,0.9866310160427807,2,2203,0.3741132545115121,0.3691117404137646,0.36994048075646735,False
CE,A,2CC,0.013368983957219251,2,2203,0.3741132545115121,0.005001514097747488,0.00501274364168655,False
CE,B,3C,0.9990215264187867,2,2203,0.23783447417548226,0.2376017594257998,0.2381352297600476,False
CE,B,2I1,0.0009784735812133072,2,2203,0.23783447417548226,0.00023271474968246795,0.0002332372475612611,False
CE,C,4CD,0.8205949656750572,2,2203,0.1193528313627878,0.09794033255536774,0.0981602310193813,False
CE,C,2S2,0.13569794050343248,2,2203,0.1193528313627878,0.01619593340918379,0.016232296986752125,False
CE,C,2I2,0.04370709382151029,2,2203,0.1193528313627878,0.005216565398236263,0.005228277781567716,False
CE,D,2S3,0.925258918296893,2,2203,0.07654013690105788,0.07081944427536892,0.07097845013753142,False
CE,D,3I2,0.030840046029919445,2,2203,0.07654013690105788,0.002360501345164961,0.0023658012109767325,False
CE,D,2I3,0.024913693901035674,2,2203,0.07654013690105788,0.001906897541896321,0.0019111789633450096,False
CE,D,3S2,0.015822784810126583,2,2203,0.07654013690105788,0.0012110781155230677,0.0012137972630944056,False
CE,D,3C2,0.0031645569620253164,2,2203,0.07654013690105788,0.00024221562310461353,0.00024275945261888112,False
CE,E,3S3,0.7398889568052159,2,2203,0.11586807716241444,0.08572951073872509,0.08592199311284224,False
CE,E,3I3,0.2392777098614507,2,2203,0.11586807716241444,0.027724648149472383,0.027786896330424176,False
CE,E,2D4,0.018229166666666668,2,2203,0.11586807716241444,0.0021121784899398467,0.002116920814103364,False
CE,E,3I1,0.0026041666666666665,2,2203,0.11586807716241444,0.0003017397842771209,0.0003024172591576234,False
CE,F,3T4,0.9553571428571429,2,2203,0.02713130056004978,0.02592008178504756,0.02597827830146653,False
CE,F,4DT,0.03273809523809524,2,2203,0.02713130056004978,0.0008882271016682965,0.0008902213748166101,False
CE,F,4R3,0.011904761904761906,2,2203,0.02713130056004978,0.000322991673333926,0.0003237168635696764,False
CE,H,3M6,0.5055128633478115,2,2203,0.04691972619788426,0.0237185251377878,0.023771778655622425,False
CE,H,3T6,0.49448713665218846,2,2203,0.04691972619788426,0.02320120106009646,0.02325329306696708,False
DF,A,2C,0.9979101358411703,1,5781,0.45901639344262296,0.4580571115336519,0.4580571115336519,False
DF,A,2CC,0.0020898641588296763,1,5781,0.45901639344262296,0.0009592819089709989,0.0009592819089709989,False
DF,B,3C,1.0,1,5781,0.2766393442622951,0.2766393442622951,0.2766393442622951,False
DF,C,4CD,0.8501742160278746,1,5781,0.125,0.10627177700348432,0.10627177700348432,False
DF,C,2S2,0.07665505226480836,1,5781,0.125,0.009581881533101045,0.009581881533101045,False
DF,C,2I2,0.06968641114982578,1,5781,0.125,0.008710801393728223,0.008710801393728223,False
DF,C,2C2,0.003484320557491289,1,5781,0.125,0.00043554006968641115,0.00043554006968641115,False
DF,D,2S3,0.8715953307392996,1,5781,0.03278688524590164,0.028576896089813102,0.028576896089813102,False
DF,D,3I2,0.0622568093385214,1,5781,0.03278688524590164,0.002041206863558079,0.002041206863558079,False
DF,D,2I3,0.042801556420233464,1,5781,0.03278688524590164,0.0014033297186961792,0.0014033297186961792,False
DF,D,3S2,0.023346303501945526,1,5781,0.03278688524590164,0.0007654525738342796,0.0007654525738342796,False
DF,E,3S3,0.8534954407294832,1,5781,0.06147540983606557,0.05246898201205839,0.05246898201205839,False
DF,E,3I3,0.14103343465045592,1,5781,0.06147540983606557,0.00867008819572475,0.00867008819572475,False
DF,E,3I1,0.00303951367781155,1,5781,0.06147540983606557,0.000186855349045792,0.000186855349045792,False
DF,E,3C3,0.00182370820668693,1,5781,0.06147540983606557,0.0001121132094274752,0.0001121132094274752,False
DF,E,2R4,0.0006079027355623101,1,5781,0.06147540983606557,3.7371069809158405e-05,3.7371069809158405e-05,False
DF,F,3T4,0.9277929155313351,1,5781,0.020491803278688523,0.019012149908428998,0.019012149908428998,False
DF,F,4DT,0.0681198910081744,1,5781,0.020491803278688523,0.0013958994059052128,0.0013958994059052128,False
DF,F,4R3,0.0027247956403269754,1,5781,0.020491803278688523,5.583597623620851e-05,5.583597623620851e-05,False
DF,F,3D4,0.0013623978201634877,1,5781,0.020491803278688523,2.7917988118104253e-05,2.7917988118104253e-05,False
DF,G,3P5,0.2222222222222222,1,5781,0.0,0.0,0.0,False
DF,G,3V5,0.7777777777777778,1,5781,0.0,0.0,0.0,False
DF,H,3M6,0.5469387755102041,1,5781,0.02459016393442623,0.013449314151890265,0.013449314151890265,False
DF,H,3T6,0.4530612244897959,1,5781,0.02459016393442623,0.011140849782535964,0.011140849782535964,False
ES,A,2C,0.9956140350877193,2,11641,0.37985510163010666,0.3781890704826062,0.3781890704826061,False
ES,A,2CC,0.003289473684210526,2,11641,0.37985510163010666,0.0012495233606253508,0.0012495233606253505,False
ES,A,2CB,0.0010964912280701754,2,11641,0.37985510163010666,0.0004165077868751169,0.0004165077868751168,False
ES,B,3C,0.9859451612019613,2,11641,0.2048701952103039,0.20199077764210036,0.2019907776421003,False
ES,B,2I1,0.005574273427013998,2,11641,0.2048701952103039,0.0011420024851479674,0.0011420024851479672,False
ES,B,3BB,0.005300353356890461,2,11641,0.2048701952103039,0.001085884426909738,0.0010858844269097379,False
ES,B,3CB,0.002473498233215548,2,11641,0.2048701952103039,0.0005067460658912111,0.000506746065891211,False
ES,B,2S1,0.000706713780918728,2,11641,0.2048701952103039,0.00014478459025463175,0.00014478459025463173,False
ES,C,4CD,0.8026262441308414,2,11641,0.12668544978868987,0.10168106674992244,0.10168106674992242,False
ES,C,2S2,0.1145908264560091,2,11641,0.12668544978868987,0.014516990391237215,0.014516990391237211,False
ES,C,2I2,0.081756235367975,2,11641,0.12668544978868987,0.010357325450621907,0.010357325450621905,False
ES,C,3S1,0.001026694045174538,2,11641,0.12668544978868987,0.00013006719690830584,0.0001300671969083058,False
ES,D,2S3,0.8649684689010532,2,11641,0.07576977259005836,0.06553846418620377,0.06553846418620375,False
ES,D,3S2,0.07797944876596563,2,11641,0.07576977259005836,0.005908485099695323,0.005908485099695321,False
ES,D,2I3,0.02839399468612952,2,11641,0.07576977259005836,0.0021514065202913593,0.002151406520291359,False
ES,D,3I2,0.021799673485066742,2,11641,0.07576977259005836,0.0016517563025010321,0.0016517563025010317,False
ES,D,3C2,0.0068584141617849485,2,11641,0.07576977259005836,0.0005196604813668813,0.0005196604813668812,False
ES,E,3S3,0.6002859690489337,2,11641,0.16301066613000603,0.09785301568316288,0.09785301568316285,False
ES,E,3I3,0.38854388962676656,2,11641,0.16301066613000603,0.06333679826880276,0.06333679826880274,False
ES,E,3I1,0.0043473637869539915,2,11641,0.16301066613000603,0.0007086666668208358,0.0007086666668208357,False
ES,E,2R4,0.002529510961214165,2,11641,0.16301066613000603,0.0004123372667706729,0.0004123372667706728,False
ES,E,3C3,0.0022123893805309734,2,11641,0.16301066613000603,0.00036064306665930536,0.0003606430666593053,False
ES,E,3LD,0.0010404385978002955,2,11641,0.16301066613000603,0.0001696025888947956,0.00016960258889479556,False
ES,E,3D3,0.000829646017699115,2,11641,0.16301066613000603,0.0001352411499972395,0.00013524114999723948,False
ES,E,2N4,0.00021079258010118043,2,11641,0.16301066613000603,3.4361438897556074e-05,3.436143889755607e-05,False
ES,F,4DT,0.6450072036458376,2,11641,0.0258603340712417,0.01668010176463879,0.016680101764638786,False
ES,F,3T4,0.35382339995680545,2,11641,0.0258603340712417,0.009149991325105555,0.009149991325105553,False
ES,F,4R3,0.0011693963973569317,2,11641,0.0258603340712417,3.0240981497356756e-05,3.024098149735675e-05,False
ES,G,3V5,0.6285714285714286,2,11641,0.0011068625477963373,0.0006957421729005548,0.0006957421729005547,False
ES,G,3M5,0.37142857142857144,2,11641,0.0011068625477963373,0.00041112037489578245,0.00041112037489578234,False
ES,H,3M6,0.5900718414087398,2,11641,0.022841618031797142,0.013478195612777615,0.013478195612777612,False
ES,H,3T6,0.4099281585912602,2,11641,0.022841618031797142,0.009363422419019527,0.009363422419019525,False
GO,A,2C,0.9866310160427807,1,10149,0.2521015036110344,0.2487311626536676,0.2487311626536676,False
GO,A,2CB,0.009358288770053475,1,10149,0.2521015036110344,0.0023592386701567387,0.0023592386701567387,False
GO,A,2CC,0.004010695187165776,1,10149,0.2521015036110344,0.0010111022872100312,0.0010111022872100312,False
GO,B,3C,0.97483989021043,1,10149,0.19006274912190693,0.18528074948709225,0.18528074948709225,False
GO,B,3BB,0.021043000914913082,1,10149,0.19006274912190693,0.003999490603663183,0.003999490603663183,False
GO,B,3CB,0.0013723696248856359,1,10149,0.19006274912190693,0.00026083634371716413,0.00026083634371716413,False
GO,B,2I1,0.0009149130832570906,1,10149,0.19006274912190693,0.00017389089581144277,0.00017389089581144277,False
GO,B,2S1,0.0009149130832570906,1,10149,0.19006274912190693,0.00017389089581144277,0.00017389089581144277,False
GO,B,3BC,0.0004574565416285453,1,10149,0.19006274912190693,8.694544790572138e-05,8.694544790572138e-05,False
GO,B,3DB,0.0004574565416285453,1,10149,0.19006274912190693,8.694544790572138e-05,8.694544790572138e-05,False
GO,C,4CD,0.7853025936599424,1,10149,0.14523067208650697,0.11405002346851052,0.11405002346851052,False
GO,C,2S2,0.17435158501440923,1,10149,0.14523067208650697,0.02532119787099041,0.02532119787099041,False
GO,C,2I2,0.03314121037463977,1,10149,0.14523067208650697,0.004813120256469251,0.004813120256469251,False
GO,C,2C2,0.002881844380403458,1,10149,0.14523067208650697,0.0004185321962147175,0.0004185321962147175,False
GO,C,4BD,0.002881844380403458,1,10149,0.14523067208650697,0.0004185321962147175,0.0004185321962147175,False
GO,C,4C,0.001440922190201729,1,10149,0.14523067208650697,0.00020926609810735874,0.00020926609810735874,False
GO,D,2S3,0.842948717948718,1,10149,0.08666482497336123,0.07305400310254488,0.07305400310254488,False
GO,D,3S2,0.08974358974358974,1,10149,0.08666482497336123,0.007777612497609341,0.007777612497609341,False
GO,D,2I3,0.041666666666666664,1,10149,0.08666482497336123,0.003611034373890051,0.003611034373890051,False
GO,D,3I2,0.022435897435897436,1,10149,0.08666482497336123,0.0019444031244023352,0.0019444031244023352,False
GO,D,3C2,0.003205128205128205,1,10149,0.08666482497336123,0.00027777187491461933,0.00027777187491461933,False
GO,E,3S3,0.8013743455497382,1,10149,0.1714353368325506,0.13738388085828418,0.13738388085828418,False
GO,E,3I3,0.1950261780104712,1,10149,0.1714353368325506,0.0334343785183901,0.0334343785183901,False
GO,E,3I1,0.0032722513089005235,1,10149,0.1714353368325506,0.0005609795053421159,0.0005609795053421159,False
GO,E,2R4,0.0003272251308900524,1,10149,0.1714353368325506,5.609795053421159e-05,5.609795053421159e-05,False
GO,F,3T4,0.9907940161104718,1,10149,0.07178657405580331,0.07112570801156116,0.07112570801156116,False
GO,F,4DT,0.004602991944764097,1,10149,0.07178657405580331,0.00033043302212107395,0.00033043302212107395,False
GO,F,3D4,0.0023014959723820483,1,10149,0.07178657405580331,0.00016521651106053697,0.00016521651106053697,False
GO,F,4R3,0.0023014959723820483,1,10149,0.07178657405580331,0.00016521651106053697,0.00016521651106053697,False
GO,G,3M5,0.5,1,10149,0.0021311022534433086,0.0010655511267216543,0.0010655511267216543,False
GO,G,3P5,0.3333333333333333,1,10149,0.0021311022534433086,0.0007103674178144362,0.0007103674178144362,False
GO,G,3V5,0.16666666666666666,1,10149,0.0021311022534433086,0.0003551837089072181,0.0003551837089072181,False
GO,H,3M6,0.5623973727422004,1,10149,0.08058723706539327,0.04532205040213004,0.04532205040213004,False
GO,H,3T6,0.4376026272577997,1,10149,0.08058723706539327,0.035265186663263226,0.035265186663263226,False
MA,A,2C,0.976461038961039,2,5846,0.2933711354124477,0.2864654836860183,0.2864654836860183,False
MA,A,2CC,0.02353896103896104,2,5846,0.2933711354124477,0.006905651726429369,0.006905651726429369,False
MA,B,3C,0.9995598591549296,2,5846,0.20494127176994734,0.2048510687454007,0.2048510687454007,False
MA,B,2S1,0.0004401408450704226,2,5846,0.20494127176994734,9.020302454663177e-05,9.020302454663177e-05,False
MA,C,4CD,0.887386591257217,2,5846,0.11502632644795464,0.10207281973149034,0.10207281973149034,False
MA,C,2I2,0.06112289383763403,2,5846,0.11502632644795464,0.007030741940011367,0.007030741940011367,False
MA,C,2S2,0.051490514905149054,2,5846,0.11502632644795464,0.005922764776452949,0.005922764776452949,False
MA,D,2S3,0.9168446026097272,2,5846,0.08451464830565682,0.07748679914050079,0.07748679914050079,False
MA,D,3S2,0.05047449584816133,2,5846,0.08451464830565682,0.004265834265012689,0.004265834265012689,False
MA,D,3I2,0.02022538552787663,2,5846,0.08451464830565682,0.0017093413447348146,0.0017093413447348146,False
MA,D,2I3,0.010676156583629894,2,5846,0.08451464830565682,0.000902291618921603,0.000902291618921603,False
MA,D,2C3,0.0017793594306049821,2,5846,0.08451464830565682,0.00015038193648693384,0.00015038193648693384,False
MA,E,3S3,0.8228985571439645,2,5846,0.13001215066828675,0.10698681119611689,0.10698681119611689,False
MA,E,3I3,0.17334204435979497,2,5846,0.13001215066828675,0.02253657198845451,0.02253657198845451,False
MA,E,2R4,0.0010741138560687435,2,5846,0.13001215066828675,0.00013964785249010394,0.00013964785249010394,False
MA,E,3C3,0.0010741138560687435,2,5846,0.13001215066828675,0.00013964785249010394,0.00013964785249010394,False
MA,E,3I1,0.0010741138560687435,2,5846,0.13001215066828675,0.00013964785249010394,0.00013964785249010394,False
MA,E,2N4,0.0005370569280343717,2,5846,0.13001215066828675,6.982392624505197e-05,6.982392624505197e-05,False
MA,F,3T4,0.9169213139801375,2,5846,0.049682732550290265,0.0455551564121359,0.0455551564121359,False
MA,F,4DT,0.07047364400305577,2,5846,0.049682732550290265,0.003501323206848187,0.003501323206848187,False
MA,F,3D4,0.012605042016806723,2,5846,0.049682732550290265,0.0006262529313061798,0.0006262529313061798,False
MA,G,3V5,0.8,2,5846,0.0033751856352099365,0.0027001485081679494,0.0027001485081679494,False
MA,G,3M5,0.16666666666666666,2,5846,0.0033751856352099365,0.000562530939201656,0.000562530939201656,False
MA,G,3P5,0.03333333333333333,2,5846,0.0033751856352099365,0.00011250618784033122,0.00011250618784033122,False
MA,H,3T6,0.5035148344036626,2,5846,0.11907654921020656,0.05995680895693674,0.05995680895693674,False
MA,H,3M6,0.258990508659625,2,5846,0.11907654921020656,0.030839696049384264,0.030839696049384264,False
MA,H,3R6,0.2374946569367124,2,5846,0.11907654921020656,0.02828004420388556,0.02828004420388556,False
MG,A,2C,0.9782301542606299,5,23478,0.24680502371610016,0.24143211642209908,0.2414321164220991,False
MG,A,2CC,0.0114312892459011,5,23478,0.24680502371610016,0.002821299613440222,0.0028212996134402224,False
MG,A,2CB,0.009801815935176707,5,23478,0.24680502371610016,0.0024191374143421357,0.002419137414342136,False
MG,A,2BC,0.0005367405582922825,5,23478,0.24680502371610016,0.00013247026621871963,0.00013247026621871966,False
MG,B,3C,0.9865456067965276,5,23478,0.20008194267164625,0.1973899615420273,0.19738996154202731,False
MG,B,2I1,0.005750136238534211,5,23478,0.20008194267164625,0.0011504984292325575,0.0011504984292325577,False
MG,B,3BB,0.0026383757683843285,5,23478,0.20008194267164625,0.0005278913492361339,0.000527891349236134,False
MG,B,2S1,0.002437967299234165,5,23478,0.20008194267164625,0.00048779323340071844,0.0004877932334007185,False
MG,B,3CB,0.002311793233270726,5,23478,0.20008194267164625,0.00046254808116797313,0.0004625480811679732,False
MG,B,3BC,0.00031612066404893306,5,23478,0.20008194267164625,6.325003658156137e-05,6.325003658156138e-05,False
MG,C,4CD,0.8468856231487811,5,23478,0.15966214406152004,0.13521557436681086,0.1352155743668109,False
MG,C,2S2,0.1079912889590748,5,23478,0.15966214406152004,0.01724212073517304,0.017242120735173044,False
MG,C,2I2,0.0280992547984381,5,23478,0.15966214406152004,0.004486387267649583,0.004486387267649584,False
MG,C,4CB,0.007468671679197994,5,23478,0.15966214406152004,0.001192464133592305,0.0011924641335923053,False
MG,C,2C2,0.0038596491228070177,5,23478,0.15966214406152004,0.0006162398542725336,0.0006162398542725337,False
MG,C,4C,0.0031955122917010394,5,23478,0.15966214406152004,0.0005102023438679294,0.0005102023438679295,False
MG,C,4DB,0.0025,5,23478,0.15966214406152004,0.0003991553601538001,0.00039915536015380017,False
MG,D,2S3,0.9081521559497377,5,23478,0.09850454624245576,0.08945711604093684,0.08945711604093685,False
MG,D,3I2,0.02446601060637271,5,23478,0.09850454624245576,0.002410013273143854,0.0024100132731438542,False
MG,D,2I3,0.02407087097535566,5,23478,0.09850454624245576,0.0023710902230881076,0.002371090223088108,False
MG,D,3S2,0.02234732499283712,5,23478,0.09850454624245576,0.0022013131081521113,0.0022013131081521117,False
MG,D,3C2,0.02096363747569685,5,23478,0.09850454624245576,0.002065013597134859,0.0020650135971348594,False
MG,E,3S3,0.7463013733564918,5,23478,0.20063347988464994,0.14973304157920633,0.14973304157920636,False
MG,E,3I3,0.24646573495091764,5,23478,0.20063347988464994,0.0494492780755304,0.04944927807553041,False
MG,E,3I1,0.003298531045061172,5,23478,0.20063347988464994,0.0006617957620781741,0.0006617957620781742,False
MG,E,2R4,0.0027061843487092454,5,23478,0.20063347988464994,0.0005429511830909109,0.000542951183090911,False
MG,E,2N4,0.0009356494795925324,5,23478,0.20063347988464994,0.00018772261104291153,0.00018772261104291156,False
MG,E,3C3,0.0002925268192276473,5,23478,0.20063347988464994,5.8690673701230804e-05,5.869067370123081e-05,False
MG,F,3T4,0.6682141019730665,5,23478,0.04276777131691328,0.028578027903920684,0.028578027903920687,False
MG,F,4DT,0.27994190251943435,5,23478,0.04276777131691328,0.011972491268972799,0.0119724912689728,False
MG,F,3D4,0.049390984248926566,5,23478,0.04276777131691328,0.0021123423194753573,0.0021123423194753578,False
MG,F,4R3,0.0024530112585726656,5,23478,0.04276777131691328,0.0001049098245444494,0.00010490982454444941,False
MG,G,3V5,0.6666666666666666,5,23478,0.0016861280511826534,0.0011240853674551023,0.0011240853674551025,False
MG,G,3P5,0.3333333333333333,5,23478,0.0016861280511826534,0.0005620426837275511,0.0005620426837275513,False
MG,H,3M6,0.6869042729345606,5,23478,0.04985896405553192,0.03424833545383554,0.03424833545383555,False
MG,H,3T6,0.3130957270654395,5,23478,0.04985896405553192,0.015610628601696378,0.01561062860169638,False
MS,A,2C,0.96875,1,3274,0.1773524180570848,0.1718101549928009,0.1718101549928009,False
MS,A,2CB,0.015625,1,3274,0.1773524180570848,0.00277113153214195,0.00277113153214195,False
MS,A,2CC,0.015625,1,3274,0.1773524180570848,0.00277113153214195,0.00277113153214195,False
MS,B,3C,0.9823008849557522,1,3274,0.14415177437113577,0.14160041553270858,0.14160041553270858,False
MS,B,2I1,0.008849557522123894,1,3274,0.14415177437113577,0.001275679419213591,0.001275679419213591,False
MS,B,3BB,0.008849557522123894,1,3274,0.14415177437113577,0.001275679419213591,0.001275679419213591,False
MS,C,4CD,0.8764044943820225,1,3274,0.12534936901837893,0.10985675037565794,0.10985675037565794,False
MS,C,2S2,0.11235955056179775,1,3274,0.12534936901837893,0.01408419876610999,0.01408419876610999,False
MS,C,4BD,0.011235955056179775,1,3274,0.12534936901837893,0.0014084198766109992,0.0014084198766109992,False
MS,D,2S3,0.8285714285714286,1,3274,0.07360040653849412,0.06098319398903799,0.06098319398903799,False
MS,D,3S2,0.11428571428571428,1,3274,0.07360040653849412,0.008411475032970756,0.008411475032970756,False
MS,D,3C2,0.04285714285714286,1,3274,0.07360040653849412,0.0031543031373640336,0.0031543031373640336,False
MS,D,3I2,0.014285714285714285,1,3274,0.07360040653849412,0.0010514343791213445,0.0010514343791213445,False
MS,E,3S3,0.8418674698795182,1,3274,0.22029304649784026,0.18545754968718783,0.18545754968718783,False
MS,E,3I3,0.14457831325301207,1,3274,0.22029304649784026,0.0318495970840251,0.0318495970840251,False
MS,E,3C3,0.004518072289156627,1,3274,0.22029304649784026,0.0009952999088757844,0.0009952999088757844,False
MS,E,3I1,0.004518072289156627,1,3274,0.22029304649784026,0.0009952999088757844,0.0009952999088757844,False
MS,E,3LD,0.004518072289156627,1,3274,0.22029304649784026,0.0009952999088757844,0.0009952999088757844,False
MS,F,3T4,0.9298440979955457,1,3274,0.125772846616414,0.11694913911437159,0.11694913911437159,False
MS,F,4DT,0.06904231625835189,1,3274,0.125772846616414,0.008683648652803638,0.008683648652803638,False
MS,F,4R3,0.0011135857461024498,1,3274,0.125772846616414,0.00014005884923876837,0.00014005884923876837,False
MS,G,3V5,1.0,1,3274,0.002371474548996358,0.002371474548996358,0.002371474548996358,False
MS,H,3T6,0.8614357262103506,1,3274,0.1311086643516558,0.11294168748823771,0.11294168748823771,False
MS,H,3R6,0.08597662771285476,1,3274,0.1311086643516558,0.011272280824891944,0.011272280824891944,False
MS,H,3M6,0.052587646076794656,1,3274,0.1311086643516558,0.006894696038526139,0.006894696038526139,False
MT,A,2C,0.9784047370254267,3,14577,0.10551543007222587,0.10323679661194096,0.10323679661194093,False
MT,A,2CC,0.02159526297457332,3,14577,0.10551543007222587,0.0022786334602849195,0.002278633460284919,False
MT,B,3C,0.9949891067538127,3,14577,0.10590938936309914,0.10537868871923177,0.10537868871923174,False
MT,B,3CB,0.00392156862745098,3,14577,0.10590938936309914,0.00041533093867882016,0.00041533093867882005,False
MT,B,2I1,0.0005446623093681918,3,14577,0.10590938936309914,5.768485259428058e-05,5.768485259428057e-05,False
MT,B,2S1,0.0005446623093681918,3,14577,0.10590938936309914,5.768485259428058e-05,5.768485259428057e-05,False
MT,C,4CD,0.7534588601795859,3,14577,0.1015101772816809,0.07648374247128298,0.07648374247128296,False
MT,C,2S2,0.16636888400219899,3,14577,0.1015101772816809,0.016888134909218623,0.01688813490921862,False
MT,C,2I2,0.03161077515118196,3,14577,0.1015101772816809,0.003208815389607834,0.0032088153896078333,False
MT,C,2C2,0.029411764705882356,3,14577,0.1015101772816809,0.002985593449461203,0.002985593449461202,False
MT,C,3S1,0.016034451163643024,3,14577,0.1015101772816809,0.0016276599802358578,0.0016276599802358574,False
MT,C,4C,0.003115264797507788,3,14577,0.1015101772816809,0.00031623108187439527,0.0003162310818743952,False
MT,D,2S3,0.5535547504025765,3,14577,0.07570584372948129,0.04190732942968948,0.04190732942968947,False
MT,D,3S2,0.3830938003220612,3,14577,0.07570584372948129,0.029002439380915075,0.029002439380915068,False
MT,D,3C2,0.027423510466988727,3,14577,0.07570584372948129,0.002076119997927643,0.0020761199979276424,False
MT,D,3I2,0.02027777777777778,3,14577,0.07570584372948129,0.001535146275625593,0.0015351462756255925,False
MT,D,2I3,0.014492753623188406,3,14577,0.07570584372948129,0.0010971861410069752,0.001097186141006975,False
MT,D,2C3,0.0011574074074074073,3,14577,0.07570584372948129,8.762250431652926e-05,8.762250431652925e-05,False
MT,E,3S3,0.9129651567682712,3,14577,0.2571240971766251,0.23474534168775774,0.23474534168775768,False
MT,E,3I3,0.06410748583753907,3,14577,0.2571240971766251,0.016483579418240513,0.01648357941824051,False
MT,E,3C3,0.009882478632478634,3,14577,0.2571240971766251,0.0025410233962433575,0.002541023396243357,False
MT,E,3I1,0.008849891892630489,3,14577,0.2571240971766251,0.0022755204630033484,0.002275520463003348,False
MT,E,2N4,0.00217715980563327,3,14577,0.2571240971766251,0.0005598002494326911,0.000559800249432691,False
MT,E,2R4,0.0017507330463534846,3,14577,0.2571240971766251,0.0004501556539409223,0.0004501556539409222,False
MT,E,3LD,0.0002670940170940171,3,14577,0.2571240971766251,6.867630800657722e-05,6.867630800657721e-05,False
MT,F,3T4,0.9244493158513337,3,14577,0.09317137229152987,0.0861322113718347,0.08613221137183469,False
MT,F,4DT,0.03702632655907939,3,14577,0.09317137229152987,0.003449793656423746,0.0034497936564237453,False
MT,F,3D4,0.028359764137559404,3,14577,0.09317137229152987,0.002642318142560525,0.0026423181425605244,False
MT,F,4R3,0.0074487895716946004,3,14577,0.09317137229152987,0.000694013946305623,0.0006940139463056229,False
MT,F,3Q4,0.0027158038803329542,3,14577,0.09317137229152987,0.0002530351744052831,0.00025303517440528305,False
MT,G,3V5,0.9230769230769231,3,14577,0.0020354563361785947,0.0018788827718571645,0.001878882771857164,False
MT,G,3P5,0.07692307692307693,3,14577,0.0020354563361785947,0.00015657356432143037,0.00015657356432143034,False
MT,H,3T6,0.5349238114836091,3,14577,0.25902823374917927,0.1385603700789782,0.13856037007897817,False
MT,H,3M6,0.46466405531494015,3,14577,0.25902823374917927,0.12036110953495989,0.12036110953495986,False
MT,H,3R6,0.00041213320145070884,3,14577,0.25902823374917927,0.00010675413524117179,0.00010675413524117176,False
PA,A,2C,0.6745605515342358,2,29608,0.31969532100108816,0.21565385205740858,0.21565385205740858,False
PA,A,2CC,0.32500238552870137,2,29608,0.31969532100108816,0.10390174196771759,0.10390174196771759,False
PA,A,2CAR,0.00021853146853146856,2,29608,0.31969532100108816,6.986348798100703e-05,6.986348798100703e-05,False
PA,A,2CB,0.00021853146853146856,2,29608,0.31969532100108816,6.986348798100703e-05,6.986348798100703e-05,False
PA,B,3C,0.9862804361813811,2,29608,0.2015233949945593,0.1987585819159867,0.1987585819159867,False
PA,B,2S1,0.0069677266416065566,2,29608,0.2015233949945593,0.0014041599282105922,0.0014041599282105922,False
PA,B,3DB,0.006045751633986928,2,29608,0.2015233949945593,0.00121836039457495,0.00121836039457495,False
PA,B,2I1,0.0007060855430255004,2,29608,0.2015233949945593,0.0001422927557870758,0.0001422927557870758,False
PA,C,4CD,0.7001607515133248,2,29608,0.11882480957562568,0.08319646797089779,0.08319646797089779,False
PA,C,2S2,0.2538669415882889,2,29608,0.11882480957562568,0.03016569099177491,0.03016569099177491,False
PA,C,2I2,0.036569542155029305,2,29608,0.11882480957562568,0.004345368882839173,0.004345368882839173,False
PA,C,2C2,0.006392669822328476,2,29608,0.11882480957562568,0.00075960777431803,0.00075960777431803,False
PA,C,3S1,0.002721244545523047,2,29608,0.11882480957562568,0.0003233513649304861,0.0003233513649304861,False
PA,C,4C,0.00028885037550548814,2,29608,0.11882480957562568,3.43225908652876e-05,3.43225908652876e-05,False
PA,D,2S3,0.9147396394455218,2,29608,0.10707290533188248,0.09794383081767066,0.09794383081767066,False
PA,D,3S2,0.04193061840120664,2,29608,0.10707290533188248,0.0044896331345796875,0.0044896331345796875,False
PA,D,2I3,0.018126840479781657,2,29608,0.10707290533188248,0.0019408934746577965,0.0019408934746577965,False
PA,D,3I2,0.015914673561732387,2,29608,0.10707290533188248,0.0017040303356631848,0.0017040303356631848,False
PA,D,3C2,0.005926883573942397,2,29608,0.10707290533188248,0.0006346086438258235,0.0006346086438258235,False
PA,D,2LD,0.0030252100840336134,2,29608,0.10707290533188248,0.00032391803293678733,0.00032391803293678733,False
PA,D,2C3,0.0003361344537815126,2,29608,0.10707290533188248,3.599089254853192e-05,3.599089254853192e-05,False
PA,E,3S3,0.8066982161411429,2,29608,0.13928182807399347,0.1123584022481679,0.1123584022481679,False
PA,E,3I3,0.16070471482620546,2,29608,0.13928182807399347,0.0223832464611037,0.0223832464611037,False
PA,E,2D4,0.02031193063627145,2,29608,0.13928182807399347,0.002829082830732041,0.002829082830732041,False
PA,E,3C3,0.004344863415172482,2,29608,0.13928182807399347,0.0006051605191970378,0.0006051605191970378,False
PA,E,3LD,0.004051266941661756,2,29608,0.13928182807399347,0.000564267865650386,0.000564267865650386,False
PA,E,3I1,0.0027104576565171127,2,29608,0.13928182807399347,0.00037751749731685573,0.00037751749731685573,False
PA,E,2N4,0.0010312315851502651,2,29608,0.13928182807399347,0.000143631820347371,0.000143631820347371,False
PA,E,2J4,7.365939893930465e-05,2,29608,0.13928182807399347,1.0259415739097929e-05,1.0259415739097929e-05,False
PA,E,2L4,7.365939893930465e-05,2,29608,0.13928182807399347,1.0259415739097929e-05,1.0259415739097929e-05,False
PA,F,3T4,0.5635441953448522,2,29608,0.0528835690968444,0.02980222839364507,0.02980222839364507,False
PA,F,3D4,0.37153124851254227,2,29608,0.0528835690968444,0.019647898452349898,0.019647898452349898,False
PA,F,4DT,0.06455170006505148,2,29608,0.0528835690968444,0.003413724290708925,0.003413724290708925,False
PA,F,3Q4,0.0003728560775540641,2,29608,0.0528835690968444,1.9717960140508723e-05,1.9717960140508723e-05,False
PA,G,3D5,0.5380952380952381,2,29608,0.00500544069640914,0.0026934038033058706,0.0026934038033058706,False
PA,G,3V5,0.2857142857142857,2,29608,0.00500544069640914,0.0014301259132597543,0.0014301259132597543,False
PA,G,3P5,0.1761904761904762,2,29608,0.00500544069640914,0.0008819109798435152,0.0008819109798435152,False
PA,H,3M6,0.8090021500290527,2,29608,0.05571273122959739,0.04507171934873504,0.04507171934873504,False
PA,H,3T6,0.08690580177266144,2,29608,0.05571273122959739,0.004841759576452955,0.004841759576452955,False
PA,H,3R6,0.0718339836821568,2,29608,0.05571273122959739,0.004002067426035286,0.004002067426035286,False
PA,H,3D6,0.03225806451612903,2,29608,0.05571273122959739,0.0017971848783741094,0.0017971848783741094,False
PB,A,2C,1.0,1,4560,0.4513771280862822,0.4513771280862822,0.4524660471765547,False
PB,B,3C,0.9984118581259925,1,4560,0.25483554684018184,0.25443083183725934,0.2550446303057731,False
PB,B,2S1,0.0015881418740074113,1,4560,0.25483554684018184,0.0004047150029224698,0.00040569135255425203,False
PB,C,4CD,0.9365558912386707,1,4560,0.09029325251804973,0.08456467758488041,0.08476868458048367,False
PB,C,2S2,0.054380664652567974,1,4560,0.09029325251804973,0.0049102070855737015,0.0049220526530603425,False
PB,C,2I2,0.00906344410876133,1,4560,0.09029325251804973,0.000818367847595617,0.0008203421088433906,False
PB,D,2S3,0.9447236180904522,1,4560,0.07799269097067475,0.07368153719842639,0.07385928929852982,False
PB,D,2I3,0.03015075376884422,1,4560,0.07799269097067475,0.0023515384212263743,0.002357211360591377,False
PB,D,3S2,0.020100502512562814,1,4560,0.07799269097067475,0.001567692280817583,0.0015714742403942516,False
PB,D,3I2,0.005025125628140704,1,4560,0.07799269097067475,0.00039192307020439576,0.0003928685600985629,False
PB,E,3S3,0.6574074074074074,1,4560,0.08039932257776986,0.05285511021316352,0.05298261986074709,False
PB,E,3I3,0.337037037037037,1,4560,0.08039932257776986,0.027097549461396506,0.027162920604664707,False
PB,E,3I1,0.003703703703703704,1,4560,0.08039932257776986,0.00029777526880655505,0.00029849363301829353,False
PB,E,2N4,0.001851851851851852,1,4560,0.08039932257776986,0.00014888763440327752,0.00014924681650914677,False
PB,F,3T4,0.9696969696969697,1,4560,0.027988234245476425,0.027140105935007444,0.02720557974310655,False
PB,F,4DT,0.030303030303030304,1,4560,0.027988234245476425,0.0008481283104689826,0.0008501743669720797,False
PB,H,3M6,0.572289156626506,1,4560,0.014707193154470095,0.008416767166714814,0.008437072091080548,False
PB,H,3T6,0.42771084337349397,1,4560,0.014707193154470095,0.006290425987755282,0.006305601247018094,False
PE,A,2C,0.9903489590829745,9,26654,0.4389744190130539,0.4347378589336314,0.4347378589336313,False
PE,A,2CC,0.009651040917025571,9,26654,0.4389744190130539,0.004236560079422511,0.0042365600794225106,False
PE,B,3C,0.997295935937332,9,26654,0.23596557981619154,0.23532751377178396,0.2353275137717839,False
PE,B,2I1,0.0017816112569667883,9,26654,0.23596557981619154,0.00042039893325722204,0.00042039893325722193,False
PE,B,2S1,0.000772908914569137,9,26654,0.23596557981619154,0.00018237990017140967,0.00018237990017140964,False
PE,B,3BB,0.00014954389113204728,9,26654,0.23596557981619154,3.528721097894296e-05,3.528721097894295e-05,False
PE,C,4CD,0.8602129255974479,9,26654,0.09728970321372124,0.08368986023198258,0.08368986023198256,False
PE,C,2S2,0.10601612496496833,9,26654,0.09728970321372124,0.010314277333710552,0.01031427733371055,False
PE,C,2I2,0.03092349495969447,9,26654,0.09728970321372124,0.0030085376469596798,0.003008537646959679,False
PE,C,2C2,0.0028474544778892604,9,26654,0.09728970321372124,0.0002770280010684277,0.00027702800106842765,False
PE,D,2S3,0.909186870023815,9,26654,0.07059649944389158,0.06418541036402979,0.06418541036402978,False
PE,D,2I3,0.03720360647674253,9,26654,0.07059649944389158,0.0026264443839461153,0.002626444383946115,False
PE,D,3S2,0.029838765039709905,9,26654,0.07059649944389158,0.002106512359532292,0.0021065123595322916,False
PE,D,3I2,0.019701194728527976,9,26654,0.07059649944389158,0.001390835382696525,0.0013908353826965248,False
PE,D,3C2,0.0034575596645377345,9,26654,0.07059649944389158,0.00024409160893476014,0.00024409160893476008,False
PE,D,2C3,0.0006120040666668208,9,26654,0.07059649944389158,4.3205344752103605e-05,4.32053447521036e-05,False
PE,E,3S3,0.728113028408329,9,26654,0.10554352280044489,0.07684761401511546,0.07684761401511545,False
PE,E,3I3,0.26237825662518666,9,26654,0.10554352280044489,0.027692325510461368,0.02769232551046136,False
PE,E,3I1,0.004202365480783176,9,26654,0.10554352280044489,0.00044353245693684167,0.00044353245693684156,False
PE,E,2D4,0.002691272587466359,9,26654,0.10554352280044489,0.000284046389697468,0.00028404638969746796,False
PE,E,2N4,0.0015898077989344528,9,26654,0.10554352280044489,0.00016779391567516353,0.0001677939156751635,False
PE,E,2R4,0.0006770000986310991,9,26654,0.10554352280044489,7.145297534577485e-05,7.145297534577484e-05,False
PE,E,3C3,0.00034826900066923204,9,26654,0.10554352280044489,3.6757537212821246e-05,3.675753721282124e-05,False
PE,F,3T4,0.9134711530384113,9,26654,0.020371129192764736,0.018608438872409244,0.01860843887240924,False
PE,F,4DT,0.04599488250025161,9,26654,0.020371129192764736,0.0009369676936186595,0.0009369676936186593,False
PE,F,3D4,0.03554928052928479,9,26654,0.020371129192764736,0.0007241789863718965,0.0007241789863718964,False
PE,F,4R3,0.004984683932052353,9,26654,0.020371129192764736,0.00010154364036493701,0.00010154364036493698,False
PE,G,3V5,0.7666666666666666,9,26654,0.002107358192354973,0.001615641280805479,0.0016156412808054786,False
PE,G,3P5,0.17777777777777778,9,26654,0.002107358192354973,0.00037464145641866186,0.00037464145641866176,False
PE,G,3M5,0.05555555555555555,9,26654,0.002107358192354973,0.00011707545513083181,0.00011707545513083179,False
PE,H,3T6,0.48960731615216946,9,26654,0.029151788327577123,0.014272928844101175,0.014272928844101172,False
PE,H,3M6,0.47155411989157753,9,26654,0.029151788327577123,0.013746645888076192,0.013746645888076189,False
PE,H,3R6,0.03883856395625297,9,26654,0.029151788327577123,0.001132213595399753,0.0011322135953997527,False
PI,A,2C,1.0,2,2849,0.3254488950276243,0.3254488950276243,0.3254488950276243,False
PI,B,3C,0.9974489795918368,2,2849,0.23929558011049723,0.2386851322020521,0.2386851322020521,False
PI,B,2I1,0.002551020408163265,2,2849,0.23929558011049723,0.0006104479084451459,0.0006104479084451459,False
PI,C,4CD,0.928804347826087,2,2849,0.11895718232044199,0.11048794814436705,0.11048794814436705,False
PI,C,2I2,0.034239130434782605,2,2849,0.11895718232044199,0.004072990481623829,0.004072990481623829,False
PI,C,2S2,0.027989130434782607,2,2849,0.11895718232044199,0.003329508092121066,0.003329508092121066,False
PI,C,2C2,0.008967391304347826,2,2849,0.11895718232044199,0.0010667356023300505,0.0010667356023300505,False
PI,D,2S3,0.8443195367058423,2,2849,0.06888812154696132,0.05816358686906613,0.05816358686906613,False
PI,D,2I3,0.07784023164707886,2,2849,0.06888812154696132,0.0053622673389475935,0.0053622673389475935,False
PI,D,3S2,0.04573326520183955,2,2849,0.06888812154696132,0.003150478731963739,0.003150478731963739,False
PI,D,3I2,0.03210696644523931,2,2849,0.06888812154696132,0.0022117886069838544,0.0022117886069838544,False
PI,E,3S3,0.5868190597137339,2,2849,0.13328729281767956,0.07821552384305984,0.07821552384305984,False
PI,E,3I3,0.40165004277235405,2,2849,0.13328729281767956,0.05353484686123228,0.05353484686123228,False
PI,E,3I1,0.006825938566552901,2,2849,0.13328729281767956,0.0009098108724756285,0.0009098108724756285,False
PI,E,2N4,0.004704958947359138,2,2849,0.13328729281767956,0.0006271112409118188,0.0006271112409118188,False
PI,F,3T4,0.9926470588235294,2,2849,0.041091160220994474,0.04078901933701658,0.04078901933701658,False
PI,F,3D4,0.007352941176470588,2,2849,0.041091160220994474,0.00030214088397790054,0.00030214088397790054,False
PI,G,3V5,1.0,2,2849,0.0032803867403314916,0.0032803867403314916,0.0032803867403314916,False
PI,H,3T6,0.586825117370892,2,2849,0.06975138121546962,0.04093186246854979,0.04093186246854979,False
PI,H,3M6,0.41317488262910795,2,2849,0.06975138121546962,0.028819518746919823,0.028819518746919823,False
PR,A,2C,0.943502824858757,2,14820,0.1798018101813759,0.16964351582084616,0.16964351582084616,False
PR,A,2CC,0.05649717514124294,2,14820,0.1798018101813759,0.010158294360529712,0.010158294360529712,False
PR,B,3C,0.992448705391544,2,14820,0.19606124566236183,0.19458072943506446,0.19458072943506446,False
PR,B,2I1,0.005040547368302205,2,14820,0.19606124566236183,0.0009882559958494701,0.0009882559958494701,False
PR,B,2S1,0.0025107472401538914,2,14820,0.19606124566236183,0.000492260231447909,0.000492260231447909,False
PR,C,4CD,0.8771910410764873,2,14820,0.16336350302293134,0.143301001290587,0.143301001290587,False
PR,C,2I2,0.07683582684135977,2,14820,0.16336350302293134,0.012552169830467906,0.012552169830467906,False
PR,C,2S2,0.044556701487252125,2,14820,0.16336350302293134,0.007278938838104562,0.007278938838104562,False
PR,C,2C2,0.000708215297450425,2,14820,0.16336350302293134,0.00011569653188592872,0.00011569653188592872,False
PR,C,4C,0.000708215297450425,2,14820,0.16336350302293134,0.00011569653188592872,0.00011569653188592872,False
PR,D,2S3,0.7904394012554321,2,14820,0.11020284048223804,0.08710866724742813,0.08710866724742813,False
PR,D,3I2,0.09143271021590674,2,14820,0.11020284048223804,0.010076144378782266,0.010076144378782266,False
PR,D,2I3,0.05154514727184935,2,14820,0.11020284048223804,0.005680421642433081,0.005680421642433081,False
PR,D,3S2,0.05154514727184935,2,14820,0.11020284048223804,0.005680421642433081,0.005680421642433081,False
PR,D,3C2,0.011278195488721804,2,14820,0.11020284048223804,0.0012428891783711057,0.0012428891783711057,False
PR,D,2C3,0.0037593984962406013,2,14820,0.11020284048223804,0.0004142963927903685,0.0004142963927903685,False
PR,E,3S3,0.7834734928519371,2,14820,0.164168425571495,0.12862160979850246,0.12862160979850246,False
PR,E,3I3,0.2081594941006295,2,14820,0.164168425571495,0.034173216414259244,0.034173216414259244,False
PR,E,3I1,0.0064534716986424465,2,14820,0.164168425571495,0.0010594562882363318,0.0010594562882363318,False
PR,E,3C3,0.0012181038155726744,2,14820,0.164168425571495,0.00019997418558519666,0.00019997418558519666,False
PR,E,2N4,0.000522666282354409,2,14820,0.164168425571495,8.58053006734298e-05,8.58053006734298e-05,False
PR,E,3LD,0.00017277125086385625,2,14820,0.164168425571495,2.8363584238337074e-05,2.8363584238337074e-05,False
PR,F,3T4,0.9628176356801654,2,14820,0.1194505062068472,0.11500905396687555,0.11500905396687555,False
PR,F,4DT,0.027742054649997926,2,14820,0.1194505062068472,0.0033138024711602716,0.0033138024711602716,False
PR,F,4R3,0.005710229601532168,2,14820,0.1194505062068472,0.0006820898164603408,0.0006820898164603408,False
PR,F,3D4,0.003730080068304513,2,14820,0.1194505062068472,0.00044555995235104524,0.00044555995235104524,False
PR,G,3V5,0.8333333333333334,2,14820,0.0018244911100776303,0.0015204092583980253,0.0015204092583980253,False
PR,G,3M5,0.16666666666666666,2,14820,0.0018244911100776303,0.00030408185167960503,0.00030408185167960503,False
PR,H,3M6,0.5107198522224452,2,14820,0.06512717776267306,0.0332617426026173,0.0332617426026173,False
PR,H,3T6,0.4892801477775549,2,14820,0.06512717776267306,0.031865435160055765,0.031865435160055765,False
RJ,A,2C,0.7547568710359408,1,2762,0.44309203502028616,0.3344267579328587,0.33919820394716993,False
RJ,A,2CC,0.2452431289640592,1,2762,0.44309203502028616,0.10866527708742747,0.11021566290720368,False
RJ,B,3C,0.9983974358974359,1,2762,0.17603566090113176,0.17575355247020047,0.17826112271553157,False
RJ,B,2S1,0.0016025641025641025,1,2762,0.17603566090113176,0.0002821084309313009,0.0002861334232994086,False
RJ,C,4CD,0.9230769230769231,1,2762,0.13532991672005124,0.12491992312620115,0.1267022227035222,False
RJ,C,2S2,0.054945054945054944,1,2762,0.13532991672005124,0.007435709709892925,0.007541798970447749,False
RJ,C,2I2,0.02197802197802198,1,2762,0.13532991672005124,0.0029742838839571704,0.0030167195881790998,False
RJ,D,2S3,0.8860759493670886,1,2762,0.08725710014947684,0.07731641785396681,0.07841953267674723,False
RJ,D,2I3,0.05063291139240506,1,2762,0.08725710014947684,0.004418081020226675,0.004481116152956984,False
RJ,D,3I2,0.02531645569620253,1,2762,0.08725710014947684,0.0022090405101133376,0.002240558076478492,False
RJ,D,3S2,0.02531645569620253,1,2762,0.08725710014947684,0.0022090405101133376,0.002240558076478492,False
RJ,D,3C2,0.012658227848101266,1,2762,0.08725710014947684,0.0011045202550566688,0.001120279038239246,False
RJ,E,3S3,0.8082191780821918,1,2762,0.12977792013666453,0.10488900394607134,0.10638551165052972,False
RJ,E,3I3,0.1917808219178082,1,2762,0.12977792013666453,0.024888916190593198,0.025244019713685017,False
RJ,H,3M6,1.0,1,2762,0.014440529575058723,0.014440529575058723,0.014646560359531092,False
RN,A,2C,0.9869565217391304,1,3979,0.4501103984859636,0.4442393932883206,0.4442393932883206,False
RN,A,2CC,0.013043478260869565,1,3979,0.4501103984859636,0.005871005197643004,0.005871005197643004,False
RN,B,3C,0.9946284691136974,1,3979,0.22363579013773524,0.2224345235837277,0.2224345235837277,False
RN,B,2I1,0.0035810205908683975,1,3979,0.22363579013773524,0.0008008443693383536,0.0008008443693383536,False
RN,B,2S1,0.0017905102954341987,1,3979,0.22363579013773524,0.0004004221846691768,0.0004004221846691768,False
RN,C,4CD,0.6797153024911032,1,3979,0.10903164756597623,0.07411047930641089,0.07411047930641089,False
RN,C,2S2,0.2846975088967972,1,3979,0.10903164756597623,0.031041038452946975,0.031041038452946975,False
RN,C,2I2,0.03558718861209965,1,3979,0.10903164756597623,0.003880129806618372,0.003880129806618372,False
RN,D,2S3,0.9317738791423001,1,3979,0.07980233413941752,0.07435773044569507,0.07435773044569507,False
RN,D,2I3,0.031189083820662766,1,3979,0.07980233413941752,0.002488961688558831,0.002488961688558831,False
RN,D,3S2,0.025341130604288498,1,3979,0.07980233413941752,0.00202228137195405,0.00202228137195405,False
RN,D,3I2,0.005847953216374269,1,3979,0.07980233413941752,0.00046668031660478083,0.00046668031660478083,False
RN,D,3C2,0.003898635477582846,1,3979,0.07980233413941752,0.0003111202110698539,0.0003111202110698539,False
RN,D,2C3,0.001949317738791423,1,3979,0.07980233413941752,0.00015556010553492694,0.00015556010553492694,False
RN,E,3S3,0.6834319526627219,1,3979,0.09473241509830722,0.06474315943109163,0.06474315943109163,False
RN,E,3I3,0.30078895463510846,1,3979,0.09473241509830722,0.028494464107478995,0.028494464107478995,False
RN,E,3I1,0.008875739644970414,1,3979,0.09473241509830722,0.0008408202523518393,0.0008408202523518393,False
RN,E,2R4,0.0039447731755424065,1,3979,0.09473241509830722,0.0003736978899341508,0.0003736978899341508,False
RN,E,2N4,0.0019723865877712033,1,3979,0.09473241509830722,0.0001868489449670754,0.0001868489449670754,False
RN,E,3C3,0.0009861932938856016,1,3979,0.09473241509830722,9.34244724835377e-05,9.34244724835377e-05,False
RN,F,3T4,0.6947368421052632,1,3979,0.024182525496793186,0.01680049139777211,0.01680049139777211,False
RN,F,3D4,0.25263157894736843,1,3979,0.024182525496793186,0.006109269599189858,0.006109269599189858,False
RN,F,4DT,0.031578947368421054,1,3979,0.024182525496793186,0.0007636586998987322,0.0007636586998987322,False
RN,F,4R3,0.021052631578947368,1,3979,0.024182525496793186,0.0005091057999324881,0.0005091057999324881,False
RN,G,3P5,1.0,1,3979,0.0017874040584586269,0.0017874040584586269,0.0017874040584586269,False
RN,H,3M6,0.5970149253731343,1,3979,0.016717485017348332,0.009980588070058704,0.009980588070058704,False
RN,H,3T6,0.40298507462686567,1,3979,0.016717485017348332,0.006736896947289626,0.006736896947289626,False
RS,A,2C,1.0,1,2322,0.34714314856369266,0.34714314856369266,0.3471431485636927,False
RS,B,3C,0.7721280602636534,1,2322,0.1844667396101849,0.14243194583837251,0.14243194583837254,False
RS,B,2I1,0.2278719397363465,1,2322,0.1844667396101849,0.04203479377181237,0.04203479377181238,False
RS,C,4CD,0.9047619047619048,1,2322,0.1585408823693044,0.14344175071508491,0.14344175071508494,False
RS,C,2I2,0.047619047619047616,1,2322,0.1585408823693044,0.0075495658271097325,0.007549565827109733,False
RS,C,2S2,0.047619047619047616,1,2322,0.1585408823693044,0.0075495658271097325,0.007549565827109733,False
RS,D,2S3,0.9162995594713657,1,2322,0.07349368544035013,0.06734223159291995,0.06734223159291997,False
RS,D,2I3,0.039647577092511016,1,2322,0.07349368544035013,0.0029138465593090365,0.002913846559309037,False
RS,D,3S2,0.030837004405286344,1,2322,0.07349368544035013,0.002266325101684806,0.0022663251016848064,False
RS,D,3I2,0.013215859030837005,1,2322,0.07349368544035013,0.0009712821864363454,0.0009712821864363455,False
RS,E,3S3,0.8645066273932254,1,2322,0.1743411902156779,0.15071911436907648,0.1507191143690765,False
RS,E,3I3,0.10898379970544919,1,2322,0.1743411902156779,0.019000365354875058,0.01900036535487506,False
RS,E,3C3,0.013254786450662739,1,2322,0.1743411902156779,0.002310855245863183,0.0023108552458631832,False
RS,E,3I1,0.008836524300441826,1,2322,0.1743411902156779,0.0015405701639087885,0.0015405701639087887,False
RS,E,2N4,0.004418262150220913,1,2322,0.1743411902156779,0.0007702850819543942,0.0007702850819543943,False
RS,F,3T4,0.911578947368421,1,2322,0.0371270144465256,0.03384420474809597,0.03384420474809598,False
RS,F,4R3,0.0863157894736842,1,2322,0.0371270144465256,0.003204647562752736,0.0032046475627527365,False
RS,F,3D4,0.002105263157894737,1,2322,0.0371270144465256,7.8162135676896e-05,7.816213567689602e-05,False
RS,G,3M5,1.0,1,2322,0.0010014279620940971,0.0010014279620940971,0.0010014279620940974,False
RS,H,3M6,0.5194805194805194,1,2322,0.023885911392170316,0.012408265658270292,0.012408265658270294,False
RS,H,3T6,0.4805194805194805,1,2322,0.023885911392170316,0.011477645733900022,0.011477645733900024,False
SC,A,2C,0.9895561357702349,1,5198,0.28106345185055764,0.2781280633194813,0.27812806331948126,False
SC,A,2CB,0.005221932114882507,1,5198,0.28106345185055764,0.0014676942655381601,0.0014676942655381597,False
SC,A,2CC,0.005221932114882507,1,5198,0.28106345185055764,0.0014676942655381601,0.0014676942655381597,False
SC,B,3C,0.9943074003795066,1,5198,0.2197955796278501,0.21854437139467447,0.21854437139467442,False
SC,B,2I1,0.0018975332068311196,1,5198,0.2197955796278501,0.0004170694110585391,0.000417069411058539,False
SC,B,2S1,0.0018975332068311196,1,5198,0.2197955796278501,0.0004170694110585391,0.000417069411058539,False
SC,B,3BB,0.0018975332068311196,1,5198,0.2197955796278501,0.0004170694110585391,0.000417069411058539,False
SC,C,4CD,0.9358974358974359,1,5198,0.15549925744736612,0.1455313563289452,0.14553135632894518,False
SC,C,2S2,0.040293040293040296,1,5198,0.15549925744736612,0.006265537845864569,0.0062655378458645675,False
SC,C,2I2,0.018315018315018316,1,5198,0.15549925744736612,0.002847971748120259,0.0028479717481202584,False
SC,C,3S1,0.0018315018315018315,1,5198,0.15549925744736612,0.00028479717481202585,0.0002847971748120258,False
SC,C,4BD,0.0018315018315018315,1,5198,0.15549925744736612,0.00028479717481202585,0.0002847971748120258,False
SC,C,4C,0.0018315018315018315,1,5198,0.15549925744736612,0.00028479717481202585,0.0002847971748120258,False
SC,D,2S3,0.7547169811320755,1,5198,0.09781310969395184,0.07382121486335988,0.07382121486335987,False
SC,D,3S2,0.11320754716981132,1,5198,0.09781310969395184,0.011073182229503981,0.01107318222950398,False
SC,D,2I3,0.04716981132075472,1,5198,0.09781310969395184,0.0046138259289599925,0.004613825928959992,False
SC,D,3I2,0.03773584905660377,1,5198,0.09781310969395184,0.0036910607431679936,0.0036910607431679928,False
SC,D,3C2,0.02830188679245283,1,5198,0.09781310969395184,0.0027682955573759952,0.002768295557375995,False
SC,D,2C3,0.018867924528301886,1,5198,0.09781310969395184,0.0018455303715839968,0.0018455303715839964,False
SC,E,3S3,0.8797752808988764,1,5198,0.135726973588422,0.11940923631430835,0.11940923631430832,False
SC,E,3I3,0.11573033707865168,1,5198,0.135726973588422,0.015707728404053333,0.01570772840405333,False
SC,E,3C3,0.0022471910112359553,1,5198,0.135726973588422,0.00030500443503016185,0.0003050044350301618,False
SC,E,3I1,0.0016853932584269663,1,5198,0.135726973588422,0.00022875332627262136,0.0002287533262726213,False
SC,E,3LD,0.0005617977528089888,1,5198,0.135726973588422,7.625110875754046e-05,7.625110875754045e-05,False
SC,F,3T4,0.935792349726776,1,5198,0.061762907311959464,0.057797256159415625,0.05779725615941561,False
SC,F,4DT,0.05737704918032788,1,5198,0.061762907311959464,0.0035437733703583304,0.0035437733703583296,False
SC,F,3D4,0.005464480874316941,1,5198,0.061762907311959464,0.0003375022257484124,0.00033750222574841236,False
SC,F,4R3,0.0013661202185792352,1,5198,0.061762907311959464,8.43755564371031e-05,8.437555643710309e-05,False
SC,G,3V5,1.0,1,5198,0.0027954922687166944,0.0027954922687166944,0.002795492268716694,False
SC,H,3T6,0.5419463087248322,1,5198,0.045543228211176144,0.02468198441645955,0.024681984416459544,False
SC,H,3M6,0.45805369127516776,1,5198,0.045543228211176144,0.02086124379471659,0.020861243794716586,False
SE,A,2C,0.9903489590829745,9,26654,0.4664036493650598,0.46190236866118756,0.46190236866118756,False
SE,A,2CC,0.009651040917025571,9,26654,0.4664036493650598,0.00450128070387224,0.00450128070387224,False
SE,B,3C,0.997295935937332,9,26654,0.22179755887066946,0.2211978040625398,0.2211978040625398,False
SE,B,2I1,0.0017816112569667883,9,26654,0.22179755887066946,0.00039515702765173863,0.00039515702765173863,False
SE,B,2S1,0.000772908914569137,9,26654,0.22179755887066946,0.00017142931048081338,0.00017142931048081338,False
SE,B,3BB,0.00014954389113204728,9,26654,0.22179755887066946,3.316846999710924e-05,3.316846999710924e-05,False
SE,C,4CD,0.8602129255974479,9,26654,0.08827518185180619,0.07593545243838894,0.07593545243838894,False
SE,C,2S2,0.10601612496496833,9,26654,0.08827518185180619,0.009358592710506389,0.009358592710506389,False
SE,C,2I2,0.03092349495969447,9,26654,0.08827518185180619,0.002729777141060441,0.002729777141060441,False
SE,C,2C2,0.0028474544778892604,9,26654,0.08827518185180619,0.00025135956185041433,0.00025135956185041433,False
SE,D,2S3,0.909186870023815,9,26654,0.06780914807052152,0.06165118709321887,0.06165118709321887,False
SE,D,2I3,0.03720360647674253,9,26654,0.06780914807052152,0.0025227448603388474,0.0025227448603388474,False
SE,D,3S2,0.029838765039709905,9,26654,0.06780914807052152,0.00202334123681919,0.00202334123681919,False
SE,D,3I2,0.019701194728527976,9,26654,0.06780914807052152,0.0013359212305129316,0.0013359212305129316,False
SE,D,3C2,0.0034575596645377345,9,26654,0.06780914807052152,0.00023445417525530196,0.00023445417525530196,False
SE,D,2C3,0.0006120040666668208,9,26654,0.06780914807052152,4.149947437637177e-05,4.149947437637177e-05,False
SE,E,3S3,0.728113028408329,9,26654,0.10430279866847492,0.0759442266099675,0.0759442266099675,False
SE,E,3I3,0.26237825662518666,9,26654,0.10430279866847492,0.027366786475762288,0.027366786475762288,False
SE,E,3I1,0.004202365480783176,9,26654,0.10430279866847492,0.0004383184806734764,0.0004383184806734764,False
SE,E,2D4,0.002691272587466359,9,26654,0.10430279866847492,0.0002807072628524892,0.0002807072628524892,False
SE,E,2N4,0.0015898077989344528,9,26654,0.10430279866847492,0.00016582140277383148,0.00016582140277383148,False
SE,E,2R4,0.0006770000986310991,9,26654,0.10430279866847492,7.061300498605719e-05,7.061300498605719e-05,False
SE,E,3C3,0.00034826900066923204,9,26654,0.10430279866847492,3.632543145927386e-05,3.632543145927386e-05,False
SE,F,3T4,0.9134711530384113,9,26654,0.023178399704105537,0.021172799503294457,0.021172799503294457,False
SE,F,4DT,0.04599488250025161,9,26654,0.023178399704105537,0.0010660877709342009,0.0010660877709342009,False
SE,F,3D4,0.03554928052928479,9,26654,0.023178399704105537,0.0008239754333011393,0.0008239754333011393,False
SE,F,4R3,0.004984683932052353,9,26654,0.023178399704105537,0.00011553699657574188,0.00011553699657574188,False
SE,G,3V5,0.7666666666666666,9,26654,0.0013561829614104303,0.001039740270414663,0.001039740270414663,False
SE,G,3P5,0.17777777777777778,9,26654,0.0013561829614104303,0.00024109919313963204,0.00024109919313963204,False
SE,G,3M5,0.05555555555555555,9,26654,0.0013561829614104303,7.534349785613501e-05,7.534349785613501e-05,False
SE,H,3T6,0.48960731615216946,9,26654,0.026877080507952164,0.013159215253504247,0.013159215253504247,False
SE,H,3M6,0.47155411989157753,9,26654,0.026877080507952164,0.012673998044182457,0.012673998044182457,False
SE,H,3R6,0.03883856395625297,9,26654,0.026877080507952164,0.0010438672102654602,0.0010438672102654602,False
SP,A,2C,0.9546419640643161,8,37881,0.320353309905974,0.30582271296314356,0.30582271296314356,False
SP,A,2CC,0.03862231532024822,8,37881,0.320353309905974,0.012372786549073726,0.012372786549073726,False
SP,A,2CB,0.006400257766502985,8,37881,0.320353309905974,0.0020503437597506474,0.0020503437597506474,False
SP,A,2BC,0.0003354628489326765,8,37881,0.320353309905974,0.00010746663400607066,0.00010746663400607066,False
SP,B,3C,0.9878769740354996,8,37881,0.2613906181196522,0.25822177286931086,0.25822177286931086,False
SP,B,2I1,0.004987403505837381,8,37881,0.2613906181196522,0.0013036604852029534,0.0013036604852029534,False
SP,B,3BB,0.0029740731944628202,8,37881,0.2613906181196522,0.0007773948306337251,0.0007773948306337251,False
SP,B,3CB,0.002063245329098091,8,37881,0.2613906181196522,0.0005393129719054352,0.0005393129719054352,False
SP,B,2S1,0.0019007285200715479,8,37881,0.2613906181196522,0.0004968326027391536,0.0004968326027391536,False
SP,B,3BC,0.00019757541503058316,8,37881,0.2613906181196522,5.1644359860090954e-05,5.1644359860090954e-05,False
SP,C,4CD,0.8453446908853137,8,37881,0.16551688410364448,0.13991881922889565,0.13991881922889565,False
SP,C,2S2,0.10301039408155586,8,37881,0.16551688410364448,0.017049959458667628,0.017049959458667628,False
SP,C,2I2,0.040748345838270306,8,37881,0.16551688410364448,0.0067445392355282106,0.0067445392355282106,False
SP,C,4CB,0.004667919799498745,8,37881,0.16551688410364448,0.0007726195404587412,0.0007726195404587412,False
SP,C,2C2,0.0024122807017543857,8,37881,0.16551688410364448,0.0003992731853377388,0.0003992731853377388,False
SP,C,4C,0.001997195182313149,8,37881,0.16551688410364448,0.0003305695235232826,0.0003305695235232826,False
SP,C,4DB,0.0015624999999999997,8,37881,0.16551688410364448,0.00025862013141194446,0.00025862013141194446,False
SP,C,3S1,0.00025667351129363445,8,37881,0.16551688410364448,4.2483799821263974e-05,4.2483799821263974e-05,False
SP,D,2S3,0.8945967083647354,8,37881,0.07948609468221968,0.07110799866348141,0.07110799866348141,False
SP,D,3S2,0.036626497274039924,8,37881,0.07948609468221968,0.002911297230202398,0.002911297230202398,False
SP,D,2I3,0.028471906955180298,8,37881,0.07948609468221968,0.00226312069202281,0.00226312069202281,False
SP,D,3I2,0.023905731962274943,8,37881,0.07948609468221968,0.0019001732742011514,0.0019001732742011514,False
SP,D,3C2,0.016399155443769423,8,37881,0.07948609468221968,0.0013035048223118946,0.0013035048223118946,False
SP,E,3S3,0.7175372478703148,8,37881,0.11621581951147912,0.08338917929125997,0.08338917929125997,False
SP,E,3I3,0.27514965949074116,8,37881,0.11621581951147912,0.031976743166020914,0.031976743166020914,False
SP,E,3I1,0.00314842284990173,8,37881,0.11621581951147912,0.0003658965416699962,0.0003658965416699962,False
SP,E,2R4,0.0023237429582468193,8,37881,0.11621581951147912,0.00027005569222668293,0.00027005569222668293,False
SP,E,3C3,0.0007359266071500229,8,37881,0.11621581951147912,8.552631375024227e-05,8.552631375024227e-05,False
SP,E,2N4,0.0006374790697706278,8,37881,0.11621581951147912,7.408515251480888e-05,7.408515251480888e-05,False
SP,E,3LD,0.00026010964945007386,8,37881,0.11621581951147912,3.0228856073683888e-05,3.0228856073683888e-05,False
SP,E,3D3,0.00020741150442477876,8,37881,0.11621581951147912,2.410449796283444e-05,2.410449796283444e-05,False
SP,F,3T4,0.5783881871112776,8,37881,0.023907994370526424,0.01382810152143541,0.01382810152143541,False
SP,F,4DT,0.38424627426983526,8,37881,0.023907994370526424,0.009186557762138973,0.009186557762138973,False
SP,F,3D4,0.03527927446351898,8,37881,0.023907994370526424,0.0008434566952700684,0.0008434566952700684,False
SP,F,4R3,0.00208626415536817,8,37881,0.023907994370526424,4.987839168197328e-05,4.987839168197328e-05,False
SP,G,3V5,0.6514285714285715,8,37881,0.0010965385644842384,0.000714316550578304,0.000714316550578304,False
SP,G,3P5,0.2,8,37881,0.0010965385644842384,0.0002193077128968477,0.0002193077128968477,False
SP,G,3M5,0.14857142857142855,8,37881,0.0010965385644842384,0.00016291430100908683,0.00016291430100908683,False
SP,H,3M6,0.7018331309362853,8,37881,0.03203274074201987,0.022481638727442115,0.022481638727442115,False
SP,H,3T6,0.2981668690637147,8,37881,0.03203274074201987,0.009551102014577758,0.009551102014577758,False
TO,A,2C,1.0,1,5020,0.19500924214417745,0.19500924214417745,0.19500924214417745,False
TO,B,3C,0.9990118577075099,1,5020,0.25277264325323473,0.2525228679140517,0.2525228679140517,False
TO,B,2I1,0.0009881422924901185,1,5020,0.25277264325323473,0.00024977533918303825,0.00024977533918303825,False
TO,C,4CD,0.8789571694599627,1,5020,0.022181146025878003,0.01949627732628383,0.01949627732628383,False
TO,C,2S2,0.0782122905027933,1,5020,0.022181146025878003,0.0017348382366608494,0.0017348382366608494,False
TO,C,2I2,0.04283054003724395,1,5020,0.022181146025878003,0.0009500304629333224,0.0009500304629333224,False
TO,D,2S3,0.9206106870229007,1,5020,0.14417744916820702,0.1327313005319524,0.1327313005319524,False
TO,D,3I2,0.035114503816793895,1,5020,0.14417744916820702,0.005062719589112613,0.005062719589112613,False
TO,D,2I3,0.024427480916030534,1,5020,0.14417744916820702,0.0035218918880783392,0.0035218918880783392,False
TO,D,3S2,0.01984732824427481,1,5020,0.14417744916820702,0.0028615371590636506,0.0028615371590636506,False
TO,E,3S3,0.8522727272727273,1,5020,0.25184842883548986,0.2146435473029743,0.2146435473029743,False
TO,E,3I3,0.14514462809917356,1,5020,0.25184842883548986,0.03655444654068835,0.03655444654068835,False
TO,E,3I1,0.0025826446280991736,1,5020,0.25184842883548986,0.0006504349918271949,0.0006504349918271949,False
TO,F,3D4,1.0,1,5020,0.09935304990757855,0.09935304990757855,0.09935304990757855,False
TO,G,3M5,1.0,1,5020,0.013863216266173753,0.013863216266173753,0.013863216266173753,False
TO,H,3M6,0.5852941176470589,1,5020,0.020794824399260628,0.01217108839839078,0.01217108839839078,False
TO,H,3R6,0.40588235294117647,1,5020,0.020794824399260628,0.00844025225617049,0.00844025225617049,False
TO,H,3T6,0.0058823529411764705,1,5020,0.020794824399260628,0.00012232249646623898,0.00012232249646623898,False
TO,H,3D6,0.0029411764705882353,1,5020,0.020794824399260628,6.116124823311949e-05,6.116124823311949e-05,False
