UF,VMDa_Class,VeiculoClassificacaoQFV,share_within_group_balanced,n_umos_used,n_rows_used
AC,A,2C,1.0,2,3583
AC,B,3C,1.0,2,3583
AC,C,2C2,0.015625,2,3583
AC,C,2I2,0.01171875,2,3583
AC,C,2S2,0.12038352272727273,2,3583
AC,C,4CD,0.8522727272727273,2,3583
AC,D,2I3,0.0038461538461538464,2,3583
AC,D,2S3,0.6995726495726495,2,3583
AC,D,3C2,0.13247863247863248,2,3583
AC,D,3I2,0.015384615384615385,2,3583
AC,D,3S2,0.14871794871794872,2,3583
AC,E,2R4,0.005469497674211569,2,3583
AC,E,3C3,0.008307182123700785,2,3583
AC,E,3I1,0.010938995348423138,2,3583
AC,E,3I3,0.16830807237764572,2,3583
AC,E,3S3,0.8069762524760188,2,3583
AC,F,3D4,0.024509803921568627,2,3583
AC,F,3T4,0.9301470588235294,2,3583
AC,F,4DT,0.01838235294117647,2,3583
AC,F,4R3,0.02696078431372549,2,3583
AC,G,3V5,1.0,2,3583
AC,H,3M6,0.5516682113067656,2,3583
AC,H,3T6,0.44833178869323453,2,3583
AL,A,2C,0.9903489590829745,9,26654
AL,A,2CC,0.009651040917025571,9,26654
AL,B,2I1,0.0017816112569667883,9,26654
AL,B,2S1,0.000772908914569137,9,26654
AL,B,3BB,0.00014954389113204728,9,26654
AL,B,3C,0.997295935937332,9,26654
AL,C,2C2,0.0028474544778892604,9,26654
AL,C,2I2,0.03092349495969447,9,26654
AL,C,2S2,0.10601612496496833,9,26654
AL,C,4CD,0.8602129255974479,9,26654
AL,D,2C3,0.0006120040666668208,9,26654
AL,D,2I3,0.03720360647674253,9,26654
AL,D,2S3,0.909186870023815,9,26654
AL,D,3C2,0.0034575596645377345,9,26654
AL,D,3I2,0.019701194728527976,9,26654
AL,D,3S2,0.029838765039709905,9,26654
AL,E,2D4,0.002691272587466359,9,26654
AL,E,2N4,0.0015898077989344528,9,26654
AL,E,2R4,0.0006770000986310991,9,26654
AL,E,3C3,0.00034826900066923204,9,26654
AL,E,3I1,0.004202365480783176,9,26654
AL,E,3I3,0.26237825662518666,9,26654
AL,E,3S3,0.728113028408329,9,26654
AL,F,3D4,0.03554928052928479,9,26654
AL,F,3T4,0.9134711530384113,9,26654
AL,F,4DT,0.04599488250025161,9,26654
AL,F,4R3,0.004984683932052353,9,26654
AL,G,3M5,0.05555555555555555,9,26654
AL,G,3P5,0.17777777777777778,9,26654
AL,G,3V5,0.7666666666666666,9,26654
AL,H,3M6,0.47155411989157753,9,26654
AL,H,3R6,0.03883856395625297,9,26654
AL,H,3T6,0.48960731615216946,9,26654
AM,A,2C,0.7706135724331927,3,7407
AM,A,2CB,0.0008680555555555555,3,7407
AM,A,2CC,0.22851837201125172,3,7407
AM,B,2I1,0.09696746081945323,3,7407
AM,B,2S1,0.00022401433691756275,3,7407
AM,B,3C,0.9017192002248929,3,7407
AM,B,3CB,0.0010893246187363835,3,7407
AM,C,2I2,0.04243816178214832,3,7407
AM,C,2S2,0.36529943283517713,3,7407
AM,C,3S1,0.011494252873563218,3,7407
AM,C,4CD,0.5807681525091113,3,7407
AM,D,2I3,0.005291005291005291,3,7407
AM,D,2LD,0.0010162601626016261,3,7407
AM,D,2S3,0.8006845796479943,3,7407
AM,D,3C2,0.0020325203252032522,3,7407
AM,D,3I2,0.011598270744612208,3,7407
AM,D,3S2,0.17937736382858335,3,7407
AM,E,2D4,0.016713061152350654,3,7407
AM,E,2N4,0.0008417508417508418,3,7407
AM,E,3C3,0.032973223753976676,3,7407
AM,E,3I1,0.012685734153125456,3,7407
AM,E,3I3,0.0970026350461133,3,7407
AM,E,3LD,0.003170289855072464,3,7407
AM,E,3S3,0.8366133051976106,3,7407
AM,F,3D4,0.4,3,7407
AM,F,3T4,0.5901599015990161,3,7407
AM,F,4DT,0.009840098400984012,3,7407
AM,G,3D5,0.05555555555555555,3,7407
AM,G,3M5,0.047619047619047616,3,7407
AM,G,3P5,0.42063492063492064,3,7407
AM,G,3V5,0.4761904761904762,3,7407
AM,H,3M6,0.5171185539606592,3,7407
AM,H,3R6,0.24444444444444444,3,7407
AM,H,3T6,0.23843700159489634,3,7407
AP,A,2C,0.8043478260869565,1,2900
AP,A,2CC,0.1956521739130435,1,2900
AP,B,3C,1.0,1,2900
AP,C,2S2,0.07216494845360824,1,2900
AP,C,4CD,0.9278350515463918,1,2900
AP,D,2S3,0.6896551724137931,1,2900
AP,D,3S2,0.3103448275862069,1,2900
AP,E,3S3,1.0,1,2900
AP,F,3T4,1.0,1,2900
AP,H,3T6,1.0,1,2900
BA,A,2C,1.0,2,7217
BA,B,2I1,0.0026972463715397767,2,7217
BA,B,2S1,0.0013486231857698884,2,7217
BA,B,3BB,0.0006729475100942127,2,7217
BA,B,3C,0.9952811829325962,2,7217
BA,C,2C2,0.0038461538461538464,2,7217
BA,C,2I2,0.016758241758241758,2,7217
BA,C,2S2,0.15,2,7217
BA,C,4CD,0.8293956043956043,2,7217
BA,D,2I3,0.026524784368576092,2,7217
BA,D,2S3,0.9354748129781508,2,7217
BA,D,3C2,0.01044514378960307,2,7217
BA,D,3I2,0.017247864878038446,2,7217
BA,D,3S2,0.010307393985631637,2,7217
BA,E,3I1,0.0029907667603372144,2,7217
BA,E,3I3,0.1476197644854811,2,7217
BA,E,3S3,0.8493894687541818,2,7217
BA,F,3D4,0.01369798971482001,2,7217
BA,F,3T4,0.8799438990182329,2,7217
BA,F,4DT,0.10635811126694716,2,7217
BA,G,3V5,1.0,2,7217
BA,H,3M6,0.5795130795130795,2,7217
BA,H,3T6,0.4204869204869205,2,7217
CE,A,2C,0.9866310160427807,2,2203
CE,A,2CC,0.013368983957219251,2,2203
CE,B,2I1,0.0009784735812133072,2,2203
CE,B,3C,0.9990215264187867,2,2203
CE,C,2I2,0.04370709382151029,2,2203
CE,C,2S2,0.13569794050343248,2,2203
CE,C,4CD,0.8205949656750572,2,2203
CE,D,2I3,0.024913693901035674,2,2203
CE,D,2S3,0.925258918296893,2,2203
CE,D,3C2,0.0031645569620253164,2,2203
CE,D,3I2,0.030840046029919445,2,2203
CE,D,3S2,0.015822784810126583,2,2203
CE,E,2D4,0.018229166666666668,2,2203
CE,E,3I1,0.0026041666666666665,2,2203
CE,E,3I3,0.2392777098614507,2,2203
CE,E,3S3,0.7398889568052159,2,2203
CE,F,3T4,0.9553571428571429,2,2203
CE,F,4DT,0.03273809523809524,2,2203
CE,F,4R3,0.011904761904761906,2,2203
CE,H,3M6,0.5055128633478115,2,2203
CE,H,3T6,0.49448713665218846,2,2203
DF,A,2C,0.9979101358411703,1,5781
DF,A,2CC,0.0020898641588296763,1,5781
DF,B,3C,1.0,1,5781
DF,C,2C2,0.003484320557491289,1,5781
DF,C,2I2,0.06968641114982578,1,5781
DF,C,2S2,0.07665505226480836,1,5781
DF,C,4CD,0.8501742160278746,1,5781
DF,D,2I3,0.042801556420233464,1,5781
DF,D,2S3,0.8715953307392996,1,5781
DF,D,3I2,0.0622568093385214,1,5781
DF,D,3S2,0.023346303501945526,1,5781
DF,E,2R4,0.0006079027355623101,1,5781
DF,E,3C3,0.00182370820668693,1,5781
DF,E,3I1,0.00303951367781155,1,5781
DF,E,3I3,0.14103343465045592,1,5781
DF,E,3S3,0.8534954407294832,1,5781
DF,F,3D4,0.0013623978201634877,1,5781
DF,F,3T4,0.9277929155313351,1,5781
DF,F,4DT,0.0681198910081744,1,5781
DF,F,4R3,0.0027247956403269754,1,5781
DF,G,3P5,0.2222222222222222,1,5781
DF,G,3V5,0.7777777777777778,1,5781
DF,H,3M6,0.5469387755102041,1,5781
DF,H,3T6,0.4530612244897959,1,5781
ES,A,2C,0.9956140350877193,2,11641
ES,A,2CB,0.0010964912280701754,2,11641
ES,A,2CC,0.003289473684210526,2,11641
ES,B,2I1,0.005574273427013998,2,11641
ES,B,2S1,0.000706713780918728,2,11641
ES,B,3BB,0.005300353356890461,2,11641
ES,B,3C,0.9859451612019613,2,11641
ES,B,3CB,0.002473498233215548,2,11641
ES,C,2I2,0.081756235367975,2,11641
ES,C,2S2,0.1145908264560091,2,11641
ES,C,3S1,0.001026694045174538,2,11641
ES,C,4CD,0.8026262441308414,2,11641
ES,D,2I3,0.02839399468612952,2,11641
ES,D,2S3,0.8649684689010532,2,11641
ES,D,3C2,0.0068584141617849485,2,11641
ES,D,3I2,0.021799673485066742,2,11641
ES,D,3S2,0.07797944876596563,2,11641
ES,E,2N4,0.00021079258010118043,2,11641
ES,E,2R4,0.002529510961214165,2,11641
ES,E,3C3,0.0022123893805309734,2,11641
ES,E,3D3,0.000829646017699115,2,11641
ES,E,3I1,0.0043473637869539915,2,11641
ES,E,3I3,0.38854388962676656,2,11641
ES,E,3LD,0.0010404385978002955,2,11641
ES,E,3S3,0.6002859690489337,2,11641
ES,F,3T4,0.35382339995680545,2,11641
ES,F,4DT,0.6450072036458376,2,11641
ES,F,4R3,0.0011693963973569317,2,11641
ES,G,3M5,0.37142857142857144,2,11641
ES,G,3V5,0.6285714285714286,2,11641
ES,H,3M6,0.5900718414087398,2,11641
ES,H,3T6,0.4099281585912602,2,11641
GO,A,2C,0.9866310160427807,1,10149
GO,A,2CB,0.009358288770053475,1,10149
GO,A,2CC,0.004010695187165776,1,10149
GO,B,2I1,0.0009149130832570906,1,10149
GO,B,2S1,0.0009149130832570906,1,10149
GO,B,3BB,0.021043000914913082,1,10149
GO,B,3BC,0.0004574565416285453,1,10149
GO,B,3C,0.97483989021043,1,10149
GO,B,3CB,0.0013723696248856359,1,10149
GO,B,3DB,0.0004574565416285453,1,10149
GO,C,2C2,0.002881844380403458,1,10149
GO,C,2I2,0.03314121037463977,1,10149
GO,C,2S2,0.17435158501440923,1,10149
GO,C,4BD,0.002881844380403458,1,10149
GO,C,4C,0.001440922190201729,1,10149
GO,C,4CD,0.7853025936599424,1,10149
GO,D,2I3,0.041666666666666664,1,10149
GO,D,2S3,0.842948717948718,1,10149
GO,D,3C2,0.003205128205128205,1,10149
GO,D,3I2,0.022435897435897436,1,10149
GO,D,3S2,0.08974358974358974,1,10149
GO,E,2R4,0.0003272251308900524,1,10149
GO,E,3I1,0.0032722513089005235,1,10149
GO,E,3I3,0.1950261780104712,1,10149
GO,E,3S3,0.8013743455497382,1,10149
GO,F,3D4,0.0023014959723820483,1,10149
GO,F,3T4,0.9907940161104718,1,10149
GO,F,4DT,0.004602991944764097,1,10149
GO,F,4R3,0.0023014959723820483,1,10149
GO,G,3M5,0.5,1,10149
GO,G,3P5,0.3333333333333333,1,10149
GO,G,3V5,0.16666666666666666,1,10149
GO,H,3M6,0.5623973727422004,1,10149
GO,H,3T6,0.4376026272577997,1,10149
MA,A,2C,0.976461038961039,2,5846
MA,A,2CC,0.02353896103896104,2,5846
MA,B,2S1,0.0004401408450704226,2,5846
MA,B,3C,0.9995598591549296,2,5846
MA,C,2I2,0.06112289383763403,2,5846
MA,C,2S2,0.051490514905149054,2,5846
MA,C,4CD,0.887386591257217,2,5846
MA,D,2C3,0.0017793594306049821,2,5846
MA,D,2I3,0.010676156583629894,2,5846
MA,D,2S3,0.9168446026097272,2,5846
MA,D,3I2,0.02022538552787663,2,5846
MA,D,3S2,0.05047449584816133,2,5846
MA,E,2N4,0.0005370569280343717,2,5846
MA,E,2R4,0.0010741138560687435,2,5846
MA,E,3C3,0.0010741138560687435,2,5846
MA,E,3I1,0.0010741138560687435,2,5846
MA,E,3I3,0.17334204435979497,2,5846
MA,E,3S3,0.8228985571439645,2,5846
MA,F,3D4,0.012605042016806723,2,5846
MA,F,3T4,0.9169213139801375,2,5846
MA,F,4DT,0.07047364400305577,2,5846
MA,G,3M5,0.16666666666666666,2,5846
MA,G,3P5,0.03333333333333333,2,5846
MA,G,3V5,0.8,2,5846
MA,H,3M6,0.258990508659625,2,5846
MA,H,3R6,0.2374946569367124,2,5846
MA,H,3T6,0.5035148344036626,2,5846
MG,A,2BC,0.0005367405582922825,5,23478
MG,A,2C,0.9782301542606299,5,23478
MG,A,2CB,0.009801815935176707,5,23478
MG,A,2CC,0.0114312892459011,5,23478
MG,B,2I1,0.005750136238534211,5,23478
MG,B,2S1,0.002437967299234165,5,23478
MG,B,3BB,0.0026383757683843285,5,23478
MG,B,3BC,0.00031612066404893306,5,23478
MG,B,3C,0.9865456067965276,5,23478
MG,B,3CB,0.002311793233270726,5,23478
MG,C,2C2,0.0038596491228070177,5,23478
MG,C,2I2,0.0280992547984381,5,23478
MG,C,2S2,0.1079912889590748,5,23478
MG,C,4C,0.0031955122917010394,5,23478
MG,C,4CB,0.007468671679197994,5,23478
MG,C,4CD,0.8468856231487811,5,23478
MG,C,4DB,0.0025,5,23478
MG,D,2I3,0.02407087097535566,5,23478
MG,D,2S3,0.9081521559497377,5,23478
MG,D,3C2,0.02096363747569685,5,23478
MG,D,3I2,0.02446601060637271,5,23478
MG,D,3S2,0.02234732499283712,5,23478
MG,E,2N4,0.0009356494795925324,5,23478
MG,E,2R4,0.0027061843487092454,5,23478
MG,E,3C3,0.0002925268192276473,5,23478
MG,E,3I1,0.003298531045061172,5,23478
MG,E,3I3,0.24646573495091764,5,23478
MG,E,3S3,0.7463013733564918,5,23478
MG,F,3D4,0.049390984248926566,5,23478
MG,F,3T4,0.6682141019730665,5,23478
MG,F,4DT,0.27994190251943435,5,23478
MG,F,4R3,0.0024530112585726656,5,23478
MG,G,3P5,0.3333333333333333,5,23478
MG,G,3V5,0.6666666666666666,5,23478
MG,H,3M6,0.6869042729345606,5,23478
MG,H,3T6,0.3130957270654395,5,23478
MS,A,2C,0.96875,1,3274
MS,A,2CB,0.015625,1,3274
MS,A,2CC,0.015625,1,3274
MS,B,2I1,0.008849557522123894,1,3274
MS,B,3BB,0.008849557522123894,1,3274
MS,B,3C,0.9823008849557522,1,3274
MS,C,2S2,0.11235955056179775,1,3274
MS,C,4BD,0.011235955056179775,1,3274
MS,C,4CD,0.8764044943820225,1,3274
MS,D,2S3,0.8285714285714286,1,3274
MS,D,3C2,0.04285714285714286,1,3274
MS,D,3I2,0.014285714285714285,1,3274
MS,D,3S2,0.11428571428571428,1,3274
MS,E,3C3,0.004518072289156627,1,3274
MS,E,3I1,0.004518072289156627,1,3274
MS,E,3I3,0.14457831325301207,1,3274
MS,E,3LD,0.004518072289156627,1,3274
MS,E,3S3,0.8418674698795182,1,3274
MS,F,3T4,0.9298440979955457,1,3274
MS,F,4DT,0.06904231625835189,1,3274
MS,F,4R3,0.0011135857461024498,1,3274
MS,G,3V5,1.0,1,3274
MS,H,3M6,0.052587646076794656,1,3274
MS,H,3R6,0.08597662771285476,1,3274
MS,H,3T6,0.8614357262103506,1,3274
MT,A,2C,0.9784047370254267,3,14577
MT,A,2CC,0.02159526297457332,3,14577
MT,B,2I1,0.0005446623093681918,3,14577
MT,B,2S1,0.0005446623093681918,3,14577
MT,B,3C,0.9949891067538127,3,14577
MT,B,3CB,0.00392156862745098,3,14577
MT,C,2C2,0.029411764705882356,3,14577
MT,C,2I2,0.03161077515118196,3,14577
MT,C,2S2,0.16636888400219899,3,14577
MT,C,3S1,0.016034451163643024,3,14577
MT,C,4C,0.003115264797507788,3,14577
MT,C,4CD,0.7534588601795859,3,14577
MT,D,2C3,0.0011574074074074073,3,14577
MT,D,2I3,0.014492753623188406,3,14577
MT,D,2S3,0.5535547504025765,3,14577
MT,D,3C2,0.027423510466988727,3,14577
MT,D,3I2,0.02027777777777778,3,14577
MT,D,3S2,0.3830938003220612,3,14577
MT,E,2N4,0.00217715980563327,3,14577
MT,E,2R4,0.0017507330463534846,3,14577
MT,E,3C3,0.009882478632478634,3,14577
MT,E,3I1,0.008849891892630489,3,14577
MT,E,3I3,0.06410748583753907,3,14577
MT,E,3LD,0.0002670940170940171,3,14577
MT,E,3S3,0.9129651567682712,3,14577
MT,F,3D4,0.028359764137559404,3,14577
MT,F,3Q4,0.0027158038803329542,3,14577
MT,F,3T4,0.9244493158513337,3,14577
MT,F,4DT,0.03702632655907939,3,14577
MT,F,4R3,0.0074487895716946004,3,14577
MT,G,3P5,0.07692307692307693,3,14577
MT,G,3V5,0.9230769230769231,3,14577
MT,H,3M6,0.46466405531494015,3,14577
MT,H,3R6,0.00041213320145070884,3,14577
MT,H,3T6,0.5349238114836091,3,14577
PA,A,2C,0.6745605515342358,2,29608
PA,A,2CAR,0.00021853146853146856,2,29608
PA,A,2CB,0.00021853146853146856,2,29608
PA,A,2CC,0.32500238552870137,2,29608
PA,B,2I1,0.0007060855430255004,2,29608
PA,B,2S1,0.0069677266416065566,2,29608
PA,B,3C,0.9862804361813811,2,29608
PA,B,3DB,0.006045751633986928,2,29608
PA,C,2C2,0.006392669822328476,2,29608
PA,C,2I2,0.036569542155029305,2,29608
PA,C,2S2,0.2538669415882889,2,29608
PA,C,3S1,0.002721244545523047,2,29608
PA,C,4C,0.00028885037550548814,2,29608
PA,C,4CD,0.7001607515133248,2,29608
PA,D,2C3,0.0003361344537815126,2,29608
PA,D,2I3,0.018126840479781657,2,29608
PA,D,2LD,0.0030252100840336134,2,29608
PA,D,2S3,0.9147396394455218,2,29608
PA,D,3C2,0.005926883573942397,2,29608
PA,D,3I2,0.015914673561732387,2,29608
PA,D,3S2,0.04193061840120664,2,29608
PA,E,2D4,0.02031193063627145,2,29608
PA,E,2J4,7.365939893930465e-05,2,29608
PA,E,2L4,7.365939893930465e-05,2,29608
PA,E,2N4,0.0010312315851502651,2,29608
PA,E,3C3,0.004344863415172482,2,29608
PA,E,3I1,0.0027104576565171127,2,29608
PA,E,3I3,0.16070471482620546,2,29608
PA,E,3LD,0.004051266941661756,2,29608
PA,E,3S3,0.8066982161411429,2,29608
PA,F,3D4,0.37153124851254227,2,29608
PA,F,3Q4,0.0003728560775540641,2,29608
PA,F,3T4,0.5635441953448522,2,29608
PA,F,4DT,0.06455170006505148,2,29608
PA,G,3D5,0.5380952380952381,2,29608
PA,G,3P5,0.1761904761904762,2,29608
PA,G,3V5,0.2857142857142857,2,29608
PA,H,3D6,0.03225806451612903,2,29608
PA,H,3M6,0.8090021500290527,2,29608
PA,H,3R6,0.0718339836821568,2,29608
PA,H,3T6,0.08690580177266144,2,29608
PB,A,2C,1.0,1,4560
PB,B,2S1,0.0015881418740074113,1,4560
PB,B,3C,0.9984118581259925,1,4560
PB,C,2I2,0.00906344410876133,1,4560
PB,C,2S2,0.054380664652567974,1,4560
PB,C,4CD,0.9365558912386707,1,4560
PB,D,2I3,0.03015075376884422,1,4560
PB,D,2S3,0.9447236180904522,1,4560
PB,D,3I2,0.005025125628140704,1,4560
PB,D,3S2,0.020100502512562814,1,4560
PB,E,2N4,0.001851851851851852,1,4560
PB,E,3I1,0.003703703703703704,1,4560
PB,E,3I3,0.337037037037037,1,4560
PB,E,3S3,0.6574074074074074,1,4560
PB,F,3T4,0.9696969696969697,1,4560
PB,F,4DT,0.030303030303030304,1,4560
PB,H,3M6,0.572289156626506,1,4560
PB,H,3T6,0.42771084337349397,1,4560
PE,A,2C,0.9903489590829745,9,26654
PE,A,2CC,0.009651040917025571,9,26654
PE,B,2I1,0.0017816112569667883,9,26654
PE,B,2S1,0.000772908914569137,9,26654
PE,B,3BB,0.00014954389113204728,9,26654
PE,B,3C,0.997295935937332,9,26654
PE,C,2C2,0.0028474544778892604,9,26654
PE,C,2I2,0.03092349495969447,9,26654
PE,C,2S2,0.10601612496496833,9,26654
PE,C,4CD,0.8602129255974479,9,26654
PE,D,2C3,0.0006120040666668208,9,26654
PE,D,2I3,0.03720360647674253,9,26654
PE,D,2S3,0.909186870023815,9,26654
PE,D,3C2,0.0034575596645377345,9,26654
PE,D,3I2,0.019701194728527976,9,26654
PE,D,3S2,0.029838765039709905,9,26654
PE,E,2D4,0.002691272587466359,9,26654
PE,E,2N4,0.0015898077989344528,9,26654
PE,E,2R4,0.0006770000986310991,9,26654
PE,E,3C3,0.00034826900066923204,9,26654
PE,E,3I1,0.004202365480783176,9,26654
PE,E,3I3,0.26237825662518666,9,26654
PE,E,3S3,0.728113028408329,9,26654
PE,F,3D4,0.03554928052928479,9,26654
PE,F,3T4,0.9134711530384113,9,26654
PE,F,4DT,0.04599488250025161,9,26654
PE,F,4R3,0.004984683932052353,9,26654
PE,G,3M5,0.05555555555555555,9,26654
PE,G,3P5,0.17777777777777778,9,26654
PE,G,3V5,0.7666666666666666,9,26654
PE,H,3M6,0.47155411989157753,9,26654
PE,H,3R6,0.03883856395625297,9,26654
PE,H,3T6,0.48960731615216946,9,26654
PI,A,2C,1.0,2,2849
PI,B,2I1,0.002551020408163265,2,2849
PI,B,3C,0.9974489795918368,2,2849
PI,C,2C2,0.008967391304347826,2,2849
PI,C,2I2,0.034239130434782605,2,2849
PI,C,2S2,0.027989130434782607,2,2849
PI,C,4CD,0.928804347826087,2,2849
PI,D,2I3,0.07784023164707886,2,2849
PI,D,2S3,0.8443195367058423,2,2849
PI,D,3I2,0.03210696644523931,2,2849
PI,D,3S2,0.04573326520183955,2,2849
PI,E,2N4,0.004704958947359138,2,2849
PI,E,3I1,0.006825938566552901,2,2849
PI,E,3I3,0.40165004277235405,2,2849
PI,E,3S3,0.5868190597137339,2,2849
PI,F,3D4,0.007352941176470588,2,2849
PI,F,3T4,0.9926470588235294,2,2849
PI,G,3V5,1.0,2,2849
PI,H,3M6,0.41317488262910795,2,2849
PI,H,3T6,0.586825117370892,2,2849
PR,A,2C,0.943502824858757,2,14820
PR,A,2CC,0.05649717514124294,2,14820
PR,B,2I1,0.005040547368302205,2,14820
PR,B,2S1,0.0025107472401538914,2,14820
PR,B,3C,0.992448705391544,2,14820
PR,C,2C2,0.000708215297450425,2,14820
PR,C,2I2,0.07683582684135977,2,14820
PR,C,2S2,0.044556701487252125,2,14820
PR,C,4C,0.000708215297450425,2,14820
PR,C,4CD,0.8771910410764873,2,14820
PR,D,2C3,0.0037593984962406013,2,14820
PR,D,2I3,0.05154514727184935,2,14820
PR,D,2S3,0.7904394012554321,2,14820
PR,D,3C2,0.011278195488721804,2,14820
PR,D,3I2,0.09143271021590674,2,14820
PR,D,3S2,0.05154514727184935,2,14820
PR,E,2N4,0.000522666282354409,2,14820
PR,E,3C3,0.0012181038155726744,2,14820
PR,E,3I1,0.0064534716986424465,2,14820
PR,E,3I3,0.2081594941006295,2,14820
PR,E,3LD,0.00017277125086385625,2,14820
PR,E,3S3,0.7834734928519371,2,14820
PR,F,3D4,0.003730080068304513,2,14820
PR,F,3T4,0.9628176356801654,2,14820
PR,F,4DT,0.027742054649997926,2,14820
PR,F,4R3,0.005710229601532168,2,14820
PR,G,3M5,0.16666666666666666,2,14820
PR,G,3V5,0.8333333333333334,2,14820
PR,H,3M6,0.5107198522224452,2,14820
PR,H,3T6,0.4892801477775549,2,14820
RJ,A,2C,0.7547568710359408,1,2762
RJ,A,2CC,0.2452431289640592,1,2762
RJ,B,2S1,0.0016025641025641025,1,2762
RJ,B,3C,0.9983974358974359,1,2762
RJ,C,2I2,0.02197802197802198,1,2762
RJ,C,2S2,0.054945054945054944,1,2762
RJ,C,4CD,0.9230769230769231,1,2762
RJ,D,2I3,0.05063291139240506,1,2762
RJ,D,2S3,0.8860759493670886,1,2762
RJ,D,3C2,0.012658227848101266,1,2762
RJ,D,3I2,0.02531645569620253,1,2762
RJ,D,3S2,0.02531645569620253,1,2762
RJ,E,3I3,0.1917808219178082,1,2762
RJ,E,3S3,0.8082191780821918,1,2762
RJ,H,3M6,1.0,1,2762
RN,A,2C,0.9869565217391304,1,3979
RN,A,2CC,0.013043478260869565,1,3979
RN,B,2I1,0.0035810205908683975,1,3979
RN,B,2S1,0.0017905102954341987,1,3979
RN,B,3C,0.9946284691136974,1,3979
RN,C,2I2,0.03558718861209965,1,3979
RN,C,2S2,0.2846975088967972,1,3979
RN,C,4CD,0.6797153024911032,1,3979
RN,D,2C3,0.001949317738791423,1,3979
RN,D,2I3,0.031189083820662766,1,3979
RN,D,2S3,0.9317738791423001,1,3979
RN,D,3C2,0.003898635477582846,1,3979
RN,D,3I2,0.005847953216374269,1,3979
RN,D,3S2,0.025341130604288498,1,3979
RN,E,2N4,0.0019723865877712033,1,3979
RN,E,2R4,0.0039447731755424065,1,3979
RN,E,3C3,0.0009861932938856016,1,3979
RN,E,3I1,0.008875739644970414,1,3979
RN,E,3I3,0.30078895463510846,1,3979
RN,E,3S3,0.6834319526627219,1,3979
RN,F,3D4,0.25263157894736843,1,3979
RN,F,3T4,0.6947368421052632,1,3979
RN,F,4DT,0.031578947368421054,1,3979
RN,F,4R3,0.021052631578947368,1,3979
RN,G,3P5,1.0,1,3979
RN,H,3M6,0.5970149253731343,1,3979
RN,H,3T6,0.40298507462686567,1,3979
RO,A,2C,1.0,2,8786
RO,B,2S1,0.0007299270072992701,2,8786
RO,B,3C,0.9992700729927008,2,8786
RO,C,2C2,0.00934793683138054,2,8786
RO,C,2I2,0.052878247580234336,2,8786
RO,C,2S2,0.09523688232297504,2,8786
RO,C,3S1,0.0016556291390728477,2,8786
RO,C,4CD,0.8408813041263372,2,8786
RO,D,2I3,0.009615384615384616,2,8786
RO,D,2S3,0.7193732193732194,2,8786
RO,D,3C2,0.07122507122507123,2,8786
RO,D,3I2,0.06801994301994302,2,8786
RO,D,3S2,0.13176638176638178,2,8786
RO,E,2N4,0.004635009020014489,2,8786
RO,E,2R4,0.0003160556257901391,2,8786
RO,E,3C3,0.0011235955056179776,2,8786
RO,E,3I1,0.0006321112515802782,2,8786
RO,E,3I3,0.15299436071535108,2,8786
RO,E,3LD,0.0011235955056179776,2,8786
RO,E,3S3,0.8391752723760281,2,8786
RO,F,3D4,0.002314814814814815,2,8786
RO,F,3T4,0.9717612853553773,2,8786
RO,F,4DT,0.024829807926088018,2,8786
RO,F,4R3,0.0010940919037199126,2,8786
RO,G,3P5,0.85,2,8786
RO,G,3V5,0.15,2,8786
RO,H,3M6,0.47368214349496973,2,8786
RO,H,3T6,0.5263178565050304,2,8786
RR,A,2C,0.8465309646455006,10,57304
RR,A,2CAR,4.3706293706293706e-05,10,57304
RR,A,2CB,0.00030412296037296034,10,57304
RR,A,2CC,0.15312120610042013,10,57304
RR,B,2I1,0.029183328313177083,10,57304
RR,B,2S1,0.0016067350308564341,10,57304
RR,B,3C,0.9678209302140612,10,57304
RR,B,3CB,0.00017985611510791367,10,57304
RR,B,3DB,0.0012091503267973856,10,57304
RR,C,2C2,0.005247480305100778,10,57304
RR,C,2I2,0.03263242587003701,10,57304
RR,C,2S2,0.20955066409954165,10,57304
RR,C,3S1,0.004323650598988144,10,57304
RR,C,4C,5.777007510109763e-05,10,57304
RR,C,4CD,0.7481880090512314,10,57304
RR,D,2C3,6.722689075630252e-05,10,57304
RR,D,2I3,0.009615124734567932,10,57304
RR,D,2LD,0.0009099200655872105,10,57304
RR,D,2S3,0.7964997900470744,10,57304
RR,D,3C2,0.035555816573033215,10,57304
RR,D,3I2,0.018409519553062765,10,57304
RR,D,3S2,0.13894260213591822,10,57304
RR,E,2D4,0.009076304472959484,10,57304
RR,E,2J4,1.4731879787860928e-05,10,57304
RR,E,2L4,1.4731879787860928e-05,10,57304
RR,E,2N4,0.0009347150744992627,10,57304
RR,E,2R4,0.0011571106600003413,10,57304
RR,E,3C3,0.012541282298176928,10,57304
RR,E,3I1,0.005984963241839814,10,57304
RR,E,3I3,0.12857880009140063,10,57304
RR,E,3LD,0.0018802464090633647,10,57304
RR,E,3S3,0.8398171139924843,10,57304
RR,F,3D4,0.2994135492958571,10,57304
RR,F,3Q4,7.457121551081284e-05,10,57304
RR,F,3T4,0.673251166509969,10,57304
RR,F,4DT,0.02164973773517413,10,57304
RR,F,4R3,0.005610975243489081,10,57304
RR,G,3D5,0.15535714285714286,10,57304
RR,G,3M5,0.140625,10,57304
RR,G,3P5,0.2982142857142857,10,57304
RR,G,3V5,0.40580357142857143,10,57304
RR,H,3D6,0.0067457305502846305,10,57304
RR,H,3M6,0.5479572342000192,10,57304
RR,H,3R6,0.12828836536388233,10,57304
RR,H,3T6,0.31700866988581383,10,57304
RS,A,2C,1.0,1,2322
RS,B,2I1,0.2278719397363465,1,2322
RS,B,3C,0.7721280602636534,1,2322
RS,C,2I2,0.047619047619047616,1,2322
RS,C,2S2,0.047619047619047616,1,2322
RS,C,4CD,0.9047619047619048,1,2322
RS,D,2I3,0.039647577092511016,1,2322
RS,D,2S3,0.9162995594713657,1,2322
RS,D,3I2,0.013215859030837005,1,2322
RS,D,3S2,0.030837004405286344,1,2322
RS,E,2N4,0.004418262150220913,1,2322
RS,E,3C3,0.013254786450662739,1,2322
RS,E,3I1,0.008836524300441826,1,2322
RS,E,3I3,0.10898379970544919,1,2322
RS,E,3S3,0.8645066273932254,1,2322
RS,F,3D4,0.002105263157894737,1,2322
RS,F,3T4,0.911578947368421,1,2322
RS,F,4R3,0.0863157894736842,1,2322
RS,G,3M5,1.0,1,2322
RS,H,3M6,0.5194805194805194,1,2322
RS,H,3T6,0.4805194805194805,1,2322
SC,A,2C,0.9895561357702349,1,5198
SC,A,2CB,0.005221932114882507,1,5198
SC,A,2CC,0.005221932114882507,1,5198
SC,B,2I1,0.0018975332068311196,1,5198
SC,B,2S1,0.0018975332068311196,1,5198
SC,B,3BB,0.0018975332068311196,1,5198
SC,B,3C,0.9943074003795066,1,5198
SC,C,2I2,0.018315018315018316,1,5198
SC,C,2S2,0.040293040293040296,1,5198
SC,C,3S1,0.0018315018315018315,1,5198
SC,C,4BD,0.0018315018315018315,1,5198
SC,C,4C,0.0018315018315018315,1,5198
SC,C,4CD,0.9358974358974359,1,5198
SC,D,2C3,0.018867924528301886,1,5198
SC,D,2I3,0.04716981132075472,1,5198
SC,D,2S3,0.7547169811320755,1,5198
SC,D,3C2,0.02830188679245283,1,5198
SC,D,3I2,0.03773584905660377,1,5198
SC,D,3S2,0.11320754716981132,1,5198
SC,E,3C3,0.0022471910112359553,1,5198
SC,E,3I1,0.0016853932584269663,1,5198
SC,E,3I3,0.11573033707865168,1,5198
SC,E,3LD,0.0005617977528089888,1,5198
SC,E,3S3,0.8797752808988764,1,5198
SC,F,3D4,0.005464480874316941,1,5198
SC,F,3T4,0.935792349726776,1,5198
SC,F,4DT,0.05737704918032788,1,5198
SC,F,4R3,0.0013661202185792352,1,5198
SC,G,3V5,1.0,1,5198
SC,H,3M6,0.45805369127516776,1,5198
SC,H,3T6,0.5419463087248322,1,5198
SE,A,2C,0.9903489590829745,9,26654
SE,A,2CC,0.009651040917025571,9,26654
SE,B,2I1,0.0017816112569667883,9,26654
SE,B,2S1,0.000772908914569137,9,26654
SE,B,3BB,0.00014954389113204728,9,26654
SE,B,3C,0.997295935937332,9,26654
SE,C,2C2,0.0028474544778892604,9,26654
SE,C,2I2,0.03092349495969447,9,26654
SE,C,2S2,0.10601612496496833,9,26654
SE,C,4CD,0.8602129255974479,9,26654
SE,D,2C3,0.0006120040666668208,9,26654
SE,D,2I3,0.03720360647674253,9,26654
SE,D,2S3,0.909186870023815,9,26654
SE,D,3C2,0.0034575596645377345,9,26654
SE,D,3I2,0.019701194728527976,9,26654
SE,D,3S2,0.029838765039709905,9,26654
SE,E,2D4,0.002691272587466359,9,26654
SE,E,2N4,0.0015898077989344528,9,26654
SE,E,2R4,0.0006770000986310991,9,26654
SE,E,3C3,0.00034826900066923204,9,26654
SE,E,3I1,0.004202365480783176,9,26654
SE,E,3I3,0.26237825662518666,9,26654
SE,E,3S3,0.728113028408329,9,26654
SE,F,3D4,0.03554928052928479,9,26654
SE,F,3T4,0.9134711530384113,9,26654
SE,F,4DT,0.04599488250025161,9,26654
SE,F,4R3,0.004984683932052353,9,26654
SE,G,3M5,0.05555555555555555,9,26654
SE,G,3P5,0.17777777777777778,9,26654
SE,G,3V5,0.7666666666666666,9,26654
SE,H,3M6,0.47155411989157753,9,26654
SE,H,3R6,0.03883856395625297,9,26654
SE,H,3T6,0.48960731615216946,9,26654
SP,A,2BC,0.0003354628489326765,8,37881
SP,A,2C,0.9546419640643161,8,37881
SP,A,2CB,0.006400257766502985,8,37881
SP,A,2CC,0.03862231532024822,8,37881
SP,B,2I1,0.004987403505837381,8,37881
SP,B,2S1,0.0019007285200715479,8,37881
SP,B,3BB,0.0029740731944628202,8,37881
SP,B,3BC,0.00019757541503058316,8,37881
SP,B,3C,0.9878769740354996,8,37881
SP,B,3CB,0.002063245329098091,8,37881
SP,C,2C2,0.0024122807017543857,8,37881
SP,C,2I2,0.040748345838270306,8,37881
SP,C,2S2,0.10301039408155586,8,37881
SP,C,3S1,0.00025667351129363445,8,37881
SP,C,4C,0.001997195182313149,8,37881
SP,C,4CB,0.004667919799498745,8,37881
SP,C,4CD,0.8453446908853137,8,37881
SP,C,4DB,0.0015624999999999997,8,37881
SP,D,2I3,0.028471906955180298,8,37881
SP,D,2S3,0.8945967083647354,8,37881
SP,D,3C2,0.016399155443769423,8,37881
SP,D,3I2,0.023905731962274943,8,37881
SP,D,3S2,0.036626497274039924,8,37881
SP,E,2N4,0.0006374790697706278,8,37881
SP,E,2R4,0.0023237429582468193,8,37881
SP,E,3C3,0.0007359266071500229,8,37881
SP,E,3D3,0.00020741150442477876,8,37881
SP,E,3I1,0.00314842284990173,8,37881
SP,E,3I3,0.27514965949074116,8,37881
SP,E,3LD,0.00026010964945007386,8,37881
SP,E,3S3,0.7175372478703148,8,37881
SP,F,3D4,0.03527927446351898,8,37881
SP,F,3T4,0.5783881871112776,8,37881
SP,F,4DT,0.38424627426983526,8,37881
SP,F,4R3,0.00208626415536817,8,37881
SP,G,3M5,0.14857142857142855,8,37881
SP,G,3P5,0.2,8,37881
SP,G,3V5,0.6514285714285715,8,37881
SP,H,3M6,0.7018331309362853,8,37881
SP,H,3T6,0.2981668690637147,8,37881
TO,A,2C,1.0,1,5020
TO,B,2I1,0.0009881422924901185,1,5020
TO,B,3C,0.9990118577075099,1,5020
TO,C,2I2,0.04283054003724395,1,5020
TO,C,2S2,0.0782122905027933,1,5020
TO,C,4CD,0.8789571694599627,1,5020
TO,D,2I3,0.024427480916030534,1,5020
TO,D,2S3,0.9206106870229007,1,5020
TO,D,3I2,0.035114503816793895,1,5020
TO,D,3S2,0.01984732824427481,1,5020
TO,E,3I1,0.0025826446280991736,1,5020
TO,E,3I3,0.14514462809917356,1,5020
TO,E,3S3,0.8522727272727273,1,5020
TO,F,3D4,1.0,1,5020
TO,G,3M5,1.0,1,5020
TO,H,3D6,0.0029411764705882353,1,5020
TO,H,3M6,0.5852941176470589,1,5020
TO,H,3R6,0.40588235294117647,1,5020
TO,H,3T6,0.0058823529411764705,1,5020
ALL,A,2BC,7.253250787733546e-05,37,177960
ALL,A,2C,0.9400176524098456,37,177960
ALL,A,2CAR,1.1812511812511812e-05,37,177960
ALL,A,2CB,0.002282392232991607,37,177960
ALL,A,2CC,0.057615610337473,37,177960
ALL,B,2I1,0.0161896226406605,37,177960
ALL,B,2S1,0.0012891158486151224,37,177960
ALL,B,3BB,0.0015386100599934886,37,177960
ALL,B,3BC,5.508269896954623e-05,37,177960
ALL,B,3C,0.9797386347220125,37,177960
ALL,B,3CB,0.0008497729538135795,37,177960
ALL,B,3DB,0.00033916107593520006,37,177960
ALL,C,2C2,0.005227514286932132,37,177960
ALL,C,2I2,0.03642940936861026,37,177960
ALL,C,2S2,0.13279008781261575,37,177960
ALL,C,3S1,0.002573641875747606,37,177960
ALL,C,4BD,0.00043106219643473145,37,177960
ALL,C,4C,0.0008267543572606472,37,177960
ALL,C,4CB,0.0010092799566483776,37,177960
ALL,C,4CD,0.8203744123079126,37,177960
ALL,C,4DB,0.00033783783783783786,37,177960
ALL,D,2C3,0.0009740337635289116,37,177960
ALL,D,2I3,0.0263949494105739,37,177960
ALL,D,2LD,0.00024592434205059744,37,177960
ALL,D,2S3,0.8313548234914715,37,177960
ALL,D,3C2,0.01883947368903948,37,177960
ALL,D,3I2,0.02557515369454864,37,177960
ALL,D,3S2,0.09661564160878702,37,177960
ALL,E,2D4,0.0031076891355889752,37,177960
ALL,E,2J4,3.981589131854305e-06,37,177960
ALL,E,2L4,3.981589131854305e-06,37,177960
ALL,E,2N4,0.0011013602060918179,37,177960
ALL,E,2R4,0.0011470642745721805,37,177960
ALL,E,3C3,0.00509086644138692,37,177960
ALL,E,3D3,4.484573068643865e-05,37,177960
ALL,E,3I1,0.004963964282556066,37,177960
ALL,E,3I3,0.19357792148320357,37,177960
ALL,E,3LD,0.0007327036724651248,37,177960
ALL,E,3S3,0.7902256215951852,37,177960
ALL,F,3D4,0.10180019525946699,37,177960
ALL,F,3Q4,0.00024703121655852755,37,177960
ALL,F,3T4,0.7888126360519782,37,177960
ALL,F,4DT,0.10238557158643624,37,177960
ALL,F,4R3,0.006754565885560062,37,177960
ALL,G,3D5,0.046031746031746035,37,177960
ALL,G,3M5,0.14325396825396824,37,177960
ALL,G,3P5,0.1911771356215801,37,177960
ALL,G,3V5,0.6195371500927057,37,177960
ALL,H,3D6,0.001823170418995846,37,177960
ALL,H,3M6,0.537651739026737,37,177960
ALL,H,3R6,0.046476858285467756,37,177960
ALL,H,3T6,0.4140482322687994,37,177960
