bridge,bridge_slug,effort,model,rule,Q117,ratio_tb45,selected_uf,selected_cen,selected_effect,relative_to_q90_pct
S-10,lb10,V,Weibull3P,q85,732.6466505060406,1.5502468271393157,MG,cen6,CORTANTE_APOIO_INICIO_LONG_1,0.6001666034608277
S-10,lb10,V,Weibull3P,q90,728.2757824785115,1.5409982701618947,MG,cen6,CORTANTE_APOIO_INICIO_LONG_1,0.0
S-10,lb10,V,Weibull3P,q925,723.2037360079327,1.53026605164607,MG,cen6,CORTANTE_APOIO_INICIO_LONG_1,-0.6964458509546079
S-10,lb10,V,Weibull3P,q95,715.2651402650317,1.513468345884536,MG,cen6,CORTANTE_APOIO_INICIO_LONG_1,-1.7864993628102233
S-10,lb10,V,Weibull3P,frac058,731.0661392292509,1.5469025375142844,MG,cen6,CORTANTE_APOIO_INICIO_LONG_1,0.38314561844183803
S-10,lb10,V,GPD,q90,1029.3878769640496,2.1781376998816113,SP,cen4,CORTANTE_APOIO_INICIO_LONG_1,41.34588870452009
S-10,lb10,V,GumbelDailyMax,block,706.7774892232659,1.4955088642049637,MG,cen6,CORTANTE_APOIO_INICIO_LONG_1,-2.9519439987529594
S-10,lb10,M+,Weibull3P,q85,1725.7332867121095,1.5039070036706836,SC,cen2,MOMENTO_MEIO_VAO_LONG_1,-0.1292006379365218
S-10,lb10,M+,Weibull3P,q90,1727.9658295872614,1.5058525748037137,SC,cen2,MOMENTO_MEIO_VAO_LONG_1,0.0
S-10,lb10,M+,Weibull3P,q925,1724.7351248778198,1.5030371458630238,SC,cen2,MOMENTO_MEIO_VAO_LONG_1,-0.18696577525570968
S-10,lb10,M+,Weibull3P,q95,1713.309204233884,1.4930799165436897,SC,cen2,MOMENTO_MEIO_VAO_LONG_1,-0.8482011103702392
S-10,lb10,M+,Weibull3P,frac058,1723.1284940025457,1.5016370318104975,SC,cen2,MOMENTO_MEIO_VAO_LONG_1,-0.27994393765709
S-10,lb10,M+,GPD,q90,2143.663945010554,1.8681167276780428,SC,cen2,MOMENTO_MEIO_VAO_LONG_1,24.057079619600195
S-10,lb10,M+,GumbelDailyMax,block,1704.769103869357,1.4856375632848426,SC,cen2,MOMENTO_MEIO_VAO_LONG_1,-1.3424296546098446
S-20,lb20,V,Weibull3P,q85,1086.0559658560842,1.6530532204811024,MT,cen6,CORTANTE_APOIO_INICIO_LONG_1,0.22745015921645795
S-20,lb20,V,Weibull3P,q90,1083.5913356379199,1.6493018807274276,MG,cen6,CORTANTE_APOIO_INICIO_LONG_1,0.0
S-20,lb20,V,Weibull3P,q925,1082.4861684183809,1.6476197388407623,MG,cen6,CORTANTE_APOIO_INICIO_LONG_1,-0.10199114584913405
S-20,lb20,V,Weibull3P,q95,1075.9637128315308,1.637692104766409,MG,cen6,CORTANTE_APOIO_INICIO_LONG_1,-0.7039206161517209
S-20,lb20,V,Weibull3P,frac058,1199.8055649570874,1.8261880745161148,SP,cen8,CORTANTE_APOIO_INICIO_LONG_1,10.724913119644985
S-20,lb20,V,GPD,q90,1245.5753591163518,1.8958529058087548,PR,cen6,CORTANTE_APOIO_INICIO_LONG_1,14.948811249313888
S-20,lb20,V,GumbelDailyMax,block,1030.4850137255792,1.5684703405259957,MG,cen6,CORTANTE_APOIO_INICIO_LONG_1,-4.900954831008919
S-20,lb20,M+,Weibull3P,q85,4946.014380539844,1.5279624283410083,SP,cen6,MOMENTO_MEIO_VAO_LONG_1,-1.0112018862691863
S-20,lb20,M+,Weibull3P,q90,4996.539482030319,1.5435710478932094,SP,cen6,MOMENTO_MEIO_VAO_LONG_1,0.0
S-20,lb20,M+,Weibull3P,q925,5023.429390427804,1.5518780940462786,SP,cen6,MOMENTO_MEIO_VAO_LONG_1,0.5381706377822537
S-20,lb20,M+,Weibull3P,q95,4997.51638498395,1.5438728405881834,SP,cen6,MOMENTO_MEIO_VAO_LONG_1,0.01955159079887192
S-20,lb20,M+,Weibull3P,frac058,5014.172159211591,1.549018275938088,SP,cen6,MOMENTO_MEIO_VAO_LONG_1,0.3528977854510451
S-20,lb20,M+,GPD,q90,6089.771521810928,1.881301057093274,MG,cen6,MOMENTO_MEIO_VAO_LONG_1,21.879783872665005
S-20,lb20,M+,GumbelDailyMax,block,4682.77952896388,1.4466418069088292,SP,cen6,MOMENTO_MEIO_VAO_LONG_1,-6.279545157100297
S-30,lb30,V,Weibull3P,q85,1365.4178507494698,1.662710485569252,MT,cen8,CORTANTE_APOIO_INICIO_LONG_1,1.0466640453350884
S-30,lb30,V,Weibull3P,q90,1351.2745459235234,1.645487756847934,MT,cen8,CORTANTE_APOIO_INICIO_LONG_1,0.0
S-30,lb30,V,Weibull3P,q925,1341.4222765379798,1.6334903513613976,MT,cen8,CORTANTE_APOIO_INICIO_LONG_1,-0.7291093742027188
S-30,lb30,V,Weibull3P,q95,1351.2556078596763,1.6454646953965857,SP,cen8,CORTANTE_APOIO_INICIO_LONG_1,-0.0014014963801600722
S-30,lb30,V,Weibull3P,frac058,1619.3981055250601,1.971989899567779,SP,cen8,CORTANTE_APOIO_INICIO_LONG_1,19.842271166166945
S-30,lb30,V,GPD,q90,1523.6013697958535,1.8553353261030852,MT,cen8,CORTANTE_APOIO_INICIO_LONG_1,12.752909791144917
S-30,lb30,V,GumbelDailyMax,block,1300.9418680877977,1.584196137466875,MT,cen8,CORTANTE_APOIO_INICIO_LONG_1,-3.724829864335677
S-30,lb30,M+,Weibull3P,q85,9547.746982428282,1.5518483514714803,PR,cen6,MOMENTO_MEIO_VAO_LONG_1,0.9862493952736973
S-30,lb30,M+,Weibull3P,q90,9454.502013494057,1.5366927287271934,PR,cen6,MOMENTO_MEIO_VAO_LONG_1,0.0
S-30,lb30,M+,Weibull3P,q925,9351.690425925937,1.5199821903170967,MT,cen8,MOMENTO_MEIO_VAO_LONG_1,-1.0874352495919948
S-30,lb30,M+,Weibull3P,q95,9213.13011611978,1.4974612135099197,SP,cen6,MOMENTO_MEIO_VAO_LONG_1,-2.5529837217208806
S-30,lb30,M+,Weibull3P,frac058,9856.714032389897,1.6020664823063626,SP,cen8,MOMENTO_MEIO_VAO_LONG_1,4.254185131292765
S-30,lb30,M+,GPD,q90,11602.870192188719,1.8858789422492839,PR,cen6,MOMENTO_MEIO_VAO_LONG_1,22.723229373988985
S-30,lb30,M+,GumbelDailyMax,block,8331.038896310201,1.3540900278439987,PR,cen6,MOMENTO_MEIO_VAO_LONG_1,-11.882837568603598
S-40,lb40_5lg,V,Weibull3P,q85,765.9405147523146,1.6986926474879456,SP,cen8,CORTANTE_APOIO_INICIO_LONG_1,-1.444762196228
S-40,lb40_5lg,V,Weibull3P,q90,777.1687551272894,1.7235944890824781,SP,cen8,CORTANTE_APOIO_INICIO_LONG_1,0.0
S-40,lb40_5lg,V,Weibull3P,q925,782.8564682542001,1.7362086233182525,SP,cen8,CORTANTE_APOIO_INICIO_LONG_1,0.7318504622563227
S-40,lb40_5lg,V,Weibull3P,q95,778.4825069354015,1.7265081103025095,SP,cen8,CORTANTE_APOIO_INICIO_LONG_1,0.16904331259393057
S-40,lb40_5lg,V,Weibull3P,frac058,764.0731533114035,1.6945512382155767,PR,cen2,CORTANTE_APOIO_INICIO_LONG_1,-1.685039668603372
S-40,lb40_5lg,V,GPD,q90,877.7380656632974,1.9466357632807663,SP,cen2,CORTANTE_APOIO_INICIO_LONG_1,12.940472693030003
S-40,lb40_5lg,V,GumbelDailyMax,block,648.5454827562419,1.438335512877006,SP,cen8,CORTANTE_APOIO_INICIO_LONG_1,-16.550237193977367
S-40,lb40_5lg,M+,Weibull3P,q85,6724.556197094924,1.5504729420799437,MT,cen6,MOMENTO_MEIO_VAO_LONG_1,0.8306212472543484
S-40,lb40_5lg,M+,Weibull3P,q90,6669.1607310492855,1.5377004752136878,MT,cen6,MOMENTO_MEIO_VAO_LONG_1,0.0
S-40,lb40_5lg,M+,Weibull3P,q925,6644.632925968133,1.532045128304197,MT,cen6,MOMENTO_MEIO_VAO_LONG_1,-0.36777948635964286
S-40,lb40_5lg,M+,Weibull3P,q95,6783.986312876594,1.5641756733477654,SP,cen8,MOMENTO_MEIO_VAO_LONG_1,1.7217396079947545
S-40,lb40_5lg,M+,Weibull3P,frac058,7625.30668364455,1.7581579128091465,SP,cen8,MOMENTO_MEIO_VAO_LONG_1,14.336825743961779
S-40,lb40_5lg,M+,GPD,q90,7911.986747875753,1.8242573950049001,MT,cen8,MOMENTO_MEIO_VAO_LONG_1,18.635418562343297
S-40,lb40_5lg,M+,GumbelDailyMax,block,5677.066577523241,1.3089545035907035,MT,cen6,MOMENTO_MEIO_VAO_LONG_1,-14.875847104826857
S-50,lb50_5lg,V,Weibull3P,q85,836.527969972427,1.6309767400515247,MT,cen6,CORTANTE_APOIO_INICIO_LONG_1,-0.1205523468212566
S-50,lb50_5lg,V,Weibull3P,q90,837.5376412544706,1.6329452939256592,MT,cen6,CORTANTE_APOIO_INICIO_LONG_1,0.0
S-50,lb50_5lg,V,Weibull3P,q925,836.8348542858806,1.6315750717213504,MT,cen6,CORTANTE_APOIO_INICIO_LONG_1,-0.08391109055556623
S-50,lb50_5lg,V,Weibull3P,q95,832.8316444445787,1.62377002231347,SP,cen6,CORTANTE_APOIO_INICIO_LONG_1,-0.5618848130626297
S-50,lb50_5lg,V,Weibull3P,frac058,818.107181067679,1.5950617685078554,MT,cen6,CORTANTE_APOIO_INICIO_LONG_1,-2.319950678000393
S-50,lb50_5lg,V,GPD,q90,991.2185823086497,1.9325766861155191,SP,cen4,CORTANTE_APOIO_INICIO_LONG_1,18.349138412930866
S-50,lb50_5lg,V,GumbelDailyMax,block,823.7121445933835,1.6059897535452985,MT,cen6,CORTANTE_APOIO_INICIO_LONG_1,-1.6507313797119783
S-50,lb50_5lg,M+,Weibull3P,q85,9584.499954974968,1.5583285838509013,MT,cen8,MOMENTO_MEIO_VAO_LONG_1,0.5111522552250669
S-50,lb50_5lg,M+,Weibull3P,q90,9535.757714365192,1.5504036605747813,MT,cen8,MOMENTO_MEIO_VAO_LONG_1,0.0
S-50,lb50_5lg,M+,Weibull3P,q925,9505.644751145752,1.545507641841436,MT,cen8,MOMENTO_MEIO_VAO_LONG_1,-0.3157899363789074
S-50,lb50_5lg,M+,Weibull3P,q95,9461.840973949082,1.538385655466886,MT,cen8,MOMENTO_MEIO_VAO_LONG_1,-0.7751532980411091
S-50,lb50_5lg,M+,Weibull3P,frac058,10176.678673914783,1.6546099786870634,MG,cen6,MOMENTO_MEIO_VAO_LONG_1,6.7212378790211025
S-50,lb50_5lg,M+,GPD,q90,13244.29131013115,2.1533682318723923,MT,cen8,MOMENTO_MEIO_VAO_LONG_1,38.89081189824295
S-50,lb50_5lg,M+,GumbelDailyMax,block,9110.16908318529,1.4812078828038844,MT,cen8,MOMENTO_MEIO_VAO_LONG_1,-4.463081423920534
C-10,lc10,M+,Weibull3P,q85,1321.710644704521,1.459486135936971,MG,cen6,MOMENTO_(+)_FIM_LONG_1,-1.2862345996755065
C-10,lc10,M+,Weibull3P,q90,1338.932457235773,1.4785031550748375,MG,cen6,MOMENTO_(+)_FIM_LONG_1,0.0
C-10,lc10,M+,Weibull3P,q925,1352.0697421994903,1.493009874336893,MG,cen6,MOMENTO_(+)_FIM_LONG_1,0.981176077457957
C-10,lc10,M+,Weibull3P,q95,1360.6866023725033,1.5025249584502025,MG,cen6,MOMENTO_(+)_FIM_LONG_1,1.624738053003938
C-10,lc10,M+,Weibull3P,frac058,1352.5285248506598,1.4935164806213115,MG,cen6,MOMENTO_(+)_FIM_LONG_1,1.015440886611696
C-10,lc10,M+,GPD,q90,1742.2459378680987,1.923858146939155,RJ,cen6,MOMENTO_(+)_FIM_LONG_1,30.12201836267132
C-10,lc10,M+,GumbelDailyMax,block,1355.770375917258,1.4970962631595164,MG,cen6,MOMENTO_(+)_FIM_LONG_1,1.257562962977743
C-10,lc10,V,Weibull3P,q85,790.6609241644462,1.47264094647876,MG,cen6,CORTANTE_APOIO_CENTRAL_LONG_1,-1.660028435001093
C-10,lc10,V,Weibull3P,q90,804.0076802766309,1.497499870137141,MG,cen6,CORTANTE_APOIO_CENTRAL_LONG_1,0.0
C-10,lc10,V,Weibull3P,q925,811.4165380053228,1.5112991953908042,MG,cen6,CORTANTE_APOIO_CENTRAL_LONG_1,0.9214909148806516
C-10,lc10,V,Weibull3P,q95,814.4169473370048,1.5168875904954457,MG,cen6,CORTANTE_APOIO_CENTRAL_LONG_1,1.2946725902907241
C-10,lc10,V,Weibull3P,frac058,813.5669913780644,1.5153045099237556,MG,cen6,CORTANTE_APOIO_CENTRAL_LONG_1,1.1889576848500338
C-10,lc10,V,GPD,q90,891.9171660504211,1.6612351761043418,PR,cen6,CORTANTE_APOIO_CENTRAL_LONG_1,10.933911196413405
C-10,lc10,V,GumbelDailyMax,block,760.3818131245689,1.4162447627576251,MG,cen6,CORTANTE_APOIO_CENTRAL_LONG_1,-5.426051046807401
C-10,lc10,M-,Weibull3P,q85,1386.9008645177855,1.8494477457231437,MT,cen6,MOMENTO_(-)_APOIO_CENTRAL_LONG_1,0.5794188002339551
C-10,lc10,M-,Weibull3P,q90,1378.911193822249,1.838793430887117,MG,cen6,MOMENTO_(-)_APOIO_CENTRAL_LONG_1,0.0
C-10,lc10,M-,Weibull3P,q925,1368.0726050748096,1.8243400521066937,MG,cen6,MOMENTO_(-)_APOIO_CENTRAL_LONG_1,-0.786025147667091
C-10,lc10,M-,Weibull3P,q95,1375.823663927235,1.8346761753930325,SP,cen6,MOMENTO_(-)_APOIO_CENTRAL_LONG_1,-0.22391071367371396
C-10,lc10,M-,Weibull3P,frac058,1460.3402496012545,1.947379983466135,SP,cen8,MOMENTO_(-)_APOIO_CENTRAL_LONG_1,5.905315450612125
C-10,lc10,M-,GPD,q90,1740.6748091035463,2.3212092400367332,MG,cen6,MOMENTO_(-)_APOIO_CENTRAL_LONG_1,26.235454241147526
C-10,lc10,M-,GumbelDailyMax,block,1275.4317378959452,1.7008024241844848,MG,cen6,MOMENTO_(-)_APOIO_CENTRAL_LONG_1,-7.5044322208644765
C-20,lc20,M+,Weibull3P,q85,3855.648699566812,1.4989109744457534,PR,cen6,MOMENTO_(+)_INICIO_LONG_1,0.09391087976715617
C-20,lc20,M+,Weibull3P,q90,3852.0312231562402,1.4975046546500175,PR,cen6,MOMENTO_(+)_INICIO_LONG_1,0.0
C-20,lc20,M+,Weibull3P,q925,3829.90072706511,1.488901266207328,PR,cen6,MOMENTO_(+)_INICIO_LONG_1,-0.5745149716880338
C-20,lc20,M+,Weibull3P,q95,3763.3504706003923,1.4630293786107345,PR,cen6,MOMENTO_(+)_INICIO_LONG_1,-2.302181561321448
C-20,lc20,M+,Weibull3P,frac058,3653.699097562225,1.4204016240571569,MT,cen6,MOMENTO_(+)_FIM_LONG_1,-5.148767341286186
C-20,lc20,M+,GPD,q90,4590.247723292204,1.7844915924628555,PR,cen6,MOMENTO_(+)_INICIO_LONG_1,19.164343624688772
C-20,lc20,M+,GumbelDailyMax,block,3946.5387326195955,1.5342451240600223,PR,cen6,MOMENTO_(+)_INICIO_LONG_1,2.453446090863154
C-20,lc20,V,Weibull3P,q85,1202.5335950384629,1.6063766965515132,MT,cen8,CORTANTE_APOIO_CENTRAL_LONG_1,1.1362387793987017
C-20,lc20,V,Weibull3P,q90,1189.0234495089976,1.5883294810432775,MT,cen8,CORTANTE_APOIO_CENTRAL_LONG_1,0.0
C-20,lc20,V,Weibull3P,q925,1181.4221181582416,1.5781754183251957,SP,cen8,CORTANTE_APOIO_CENTRAL_LONG_1,-0.6392919629881977
C-20,lc20,V,Weibull3P,q95,1201.2777996310185,1.604699171294441,SP,cen8,CORTANTE_APOIO_CENTRAL_LONG_1,1.0306230820831486
C-20,lc20,V,Weibull3P,frac058,1342.6893584224442,1.7936005322234092,SP,cen8,CORTANTE_APOIO_CENTRAL_LONG_1,12.923707179778688
C-20,lc20,V,GPD,q90,1486.1898358767066,1.9852923268457208,PR,cen6,CORTANTE_APOIO_CENTRAL_LONG_1,24.992474832218203
C-20,lc20,V,GumbelDailyMax,block,1048.0101899633273,1.399960178951813,MT,cen8,CORTANTE_APOIO_CENTRAL_LONG_1,-11.859586083344375
C-20,lc20,M-,Weibull3P,q85,3461.9003803547507,1.489373765425379,MT,cen8,MOMENTO_(-)_APOIO_CENTRAL_LONG_1,0.4715906864408703
C-20,lc20,M-,Weibull3P,q90,3445.651011099151,1.4823829853291821,MT,cen8,MOMENTO_(-)_APOIO_CENTRAL_LONG_1,0.0
C-20,lc20,M-,Weibull3P,q925,3418.5002542803213,1.4707022260713825,MT,cen6,MOMENTO_(-)_APOIO_CENTRAL_LONG_1,-0.7879717571910749
C-20,lc20,M-,Weibull3P,q95,3426.354440715206,1.47408124277887,SP,cen8,MOMENTO_(-)_APOIO_CENTRAL_LONG_1,-0.5600268373606943
C-20,lc20,M-,Weibull3P,frac058,3883.5577598512336,1.6707785922608989,SP,cen8,MOMENTO_(-)_APOIO_CENTRAL_LONG_1,12.708969867856457
C-20,lc20,M-,GPD,q90,4334.178461571774,1.864643977616492,MT,cen8,MOMENTO_(-)_APOIO_CENTRAL_LONG_1,25.78692524607087
C-20,lc20,M-,GumbelDailyMax,block,2978.4170549272517,1.2813702697157339,MT,cen8,MOMENTO_(-)_APOIO_CENTRAL_LONG_1,-13.560106774216042
C-30,lc30,M+,Weibull3P,q85,7699.124752040438,1.6129901852091757,MT,cen8,MOMENTO_(+)_INICIO_LONG_1,-0.16379862369990672
C-30,lc30,M+,Weibull3P,q90,7711.756503055531,1.6156365756841387,MT,cen8,MOMENTO_(+)_INICIO_LONG_1,0.0
C-30,lc30,M+,Weibull3P,q925,7698.540913209539,1.6128678691882887,MT,cen8,MOMENTO_(+)_INICIO_LONG_1,-0.17136938699705562
C-30,lc30,M+,Weibull3P,q95,7658.882399211317,1.6045592892003933,MT,cen8,MOMENTO_(+)_INICIO_LONG_1,-0.6856298409222861
C-30,lc30,M+,Weibull3P,frac058,9555.23554901822,2.0018510745450055,MG,cen6,MOMENTO_(+)_INICIO_LONG_1,23.904788036710855
C-30,lc30,M+,GPD,q90,10466.645569655699,2.1927942616390887,MT,cen6,MOMENTO_(+)_FIM_LONG_1,35.72323718349553
C-30,lc30,M+,GumbelDailyMax,block,6688.37021976688,1.4012340190578396,MT,cen8,MOMENTO_(+)_INICIO_LONG_1,-13.270469352645764
C-30,lc30,V,Weibull3P,q85,1526.9414238370262,1.5927207925701743,MT,cen6,CORTANTE_APOIO_CENTRAL_LONG_1,1.3541835140745917
C-30,lc30,V,Weibull3P,q90,1506.5401060874678,1.571440602990996,MT,cen8,CORTANTE_APOIO_CENTRAL_LONG_1,0.0
C-30,lc30,V,Weibull3P,q925,1494.0254422756013,1.5583868178529272,MT,cen8,CORTANTE_APOIO_CENTRAL_LONG_1,-0.8306890577488457
C-30,lc30,V,Weibull3P,q95,1516.3336128607993,1.5816560059046618,MG,cen6,CORTANTE_APOIO_CENTRAL_LONG_1,0.650066117308068
C-30,lc30,V,Weibull3P,frac058,1970.2962192443254,2.055174944450115,MG,cen6,CORTANTE_APOIO_CENTRAL_LONG_1,30.782858769106824
C-30,lc30,V,GPD,q90,2005.4527070314357,2.091845944540978,MT,cen8,CORTANTE_APOIO_CENTRAL_LONG_1,33.1164499987763
C-30,lc30,V,GumbelDailyMax,block,1341.9582537063795,1.3997687010601643,MT,cen8,CORTANTE_APOIO_CENTRAL_LONG_1,-10.924491934603232
C-30,lc30,M-,Weibull3P,q85,5576.460607344109,1.193361853954527,MT,cen8,MOMENTO_(-)_APOIO_CENTRAL_LONG_1,3.0324552426647777
C-30,lc30,M-,Weibull3P,q90,5412.334001174951,1.1582387813081707,MT,cen8,MOMENTO_(-)_APOIO_CENTRAL_LONG_1,0.0
C-30,lc30,M-,Weibull3P,q925,5272.370231202557,1.1282865525054158,MT,cen8,MOMENTO_(-)_APOIO_CENTRAL_LONG_1,-2.5860150157401396
C-30,lc30,M-,Weibull3P,q95,5284.103559848316,1.1307974833290497,PR,cen2,MOMENTO_(-)_APOIO_CENTRAL_LONG_1,-2.3692263134314606
C-30,lc30,M-,Weibull3P,frac058,5511.655306893934,1.1794935279791852,MG,cen6,MOMENTO_(-)_APOIO_CENTRAL_LONG_1,1.8350919528880016
C-30,lc30,M-,GPD,q90,7991.250002956884,1.7101264745568885,MT,cen8,MOMENTO_(-)_APOIO_CENTRAL_LONG_1,47.64887017730395
C-30,lc30,M-,GumbelDailyMax,block,5104.539038303479,1.0923706987745254,MT,cen8,MOMENTO_(-)_APOIO_CENTRAL_LONG_1,-5.686917378060052
C-40,lc40_5lg,M+,Weibull3P,q85,5135.841020121723,1.5093428806893712,MT,cen8,MOMENTO_(+)_INICIO_LONG_1,1.1402375428202216
C-40,lc40_5lg,M+,Weibull3P,q90,5077.940436858612,1.4923268101385994,MT,cen6,MOMENTO_(+)_INICIO_LONG_1,0.0
C-40,lc40_5lg,M+,Weibull3P,q925,5054.930452479425,1.4855645377139992,MT,cen6,MOMENTO_(+)_INICIO_LONG_1,-0.45313616150688407
C-40,lc40_5lg,M+,Weibull3P,q95,5021.027407542092,1.4756009661569025,MT,cen6,MOMENTO_(+)_INICIO_LONG_1,-1.1207896198114575
C-40,lc40_5lg,M+,Weibull3P,frac058,5125.789879743447,1.506389008652966,MT,cen8,MOMENTO_(+)_INICIO_LONG_1,0.9423001998510427
C-40,lc40_5lg,M+,GPD,q90,5781.230699234516,1.6990127543522837,MT,cen8,MOMENTO_(+)_INICIO_LONG_1,13.849911615170175
C-40,lc40_5lg,M+,GumbelDailyMax,block,4575.381830997163,1.3446327419393902,MT,cen6,MOMENTO_(+)_INICIO_LONG_1,-9.896898400256715
C-40,lc40_5lg,V,Weibull3P,q85,780.9144598902146,1.4885902780980071,PR,cen2,CORTANTE_APOIO_CENTRAL_LONG_1,0.4571413441399219
C-40,lc40_5lg,V,Weibull3P,q90,777.3608221788888,1.4818162832231963,PR,cen2,CORTANTE_APOIO_CENTRAL_LONG_1,0.0
C-40,lc40_5lg,V,Weibull3P,q925,773.3115589389112,1.4740975198988013,PR,cen2,CORTANTE_APOIO_CENTRAL_LONG_1,-0.5208988058631348
C-40,lc40_5lg,V,Weibull3P,q95,767.160663211271,1.4623725947603334,PR,cen2,CORTANTE_APOIO_CENTRAL_LONG_1,-1.3121524363715054
C-40,lc40_5lg,V,Weibull3P,frac058,781.6789819297393,1.4900476209106734,PR,cen2,CORTANTE_APOIO_CENTRAL_LONG_1,0.555489758121186
C-40,lc40_5lg,V,GPD,q90,901.8990164230006,1.7192127648170046,PR,cen4,CORTANTE_APOIO_CENTRAL_LONG_1,16.020641983865325
C-40,lc40_5lg,V,GumbelDailyMax,block,821.6817352715021,1.5663014397093062,PR,cen2,CORTANTE_APOIO_CENTRAL_LONG_1,5.701459583258228
C-40,lc40_5lg,M-,Weibull3P,q85,4078.2667452495352,1.2395947553949955,SP,cen2,MOMENTO_(-)_APOIO_CENTRAL_LONG_1,0.0
C-40,lc40_5lg,M-,Weibull3P,q90,4078.2667452495352,1.2395947553949955,SP,cen2,MOMENTO_(-)_APOIO_CENTRAL_LONG_1,0.0
C-40,lc40_5lg,M-,Weibull3P,q925,4078.2667452495352,1.2395947553949955,SP,cen2,MOMENTO_(-)_APOIO_CENTRAL_LONG_1,0.0
C-40,lc40_5lg,M-,Weibull3P,q95,4078.2667452495352,1.2395947553949955,SP,cen2,MOMENTO_(-)_APOIO_CENTRAL_LONG_1,0.0
C-40,lc40_5lg,M-,Weibull3P,frac058,4071.135593652009,1.2374272321130726,SP,cen2,MOMENTO_(-)_APOIO_CENTRAL_LONG_1,-0.17485740985021536
C-40,lc40_5lg,M-,GPD,q90,5176.7809692281135,1.5734896563003384,MG,cen4,MOMENTO_(-)_APOIO_CENTRAL_LONG_1,26.935811034385004
C-40,lc40_5lg,M-,GumbelDailyMax,block,3348.6743481099347,1.0178341483616822,SP,cen2,MOMENTO_(-)_APOIO_CENTRAL_LONG_1,-17.889766479582224
C-50,lc50_5lg,M+,Weibull3P,q85,6959.591632912275,1.444288217343324,MT,cen8,MOMENTO_(+)_INICIO_LONG_1,1.4344413034925063
C-50,lc50_5lg,M+,Weibull3P,q90,6861.172145749915,1.4238637279245263,MT,cen8,MOMENTO_(+)_INICIO_LONG_1,0.0
C-50,lc50_5lg,M+,Weibull3P,q925,6792.984862290157,1.409713172077564,MT,cen8,MOMENTO_(+)_INICIO_LONG_1,-0.9938139141720259
C-50,lc50_5lg,M+,Weibull3P,q95,6691.724939398212,1.3886992216569225,MT,cen8,MOMENTO_(+)_INICIO_LONG_1,-2.469653912657843
C-50,lc50_5lg,M+,Weibull3P,frac058,6854.400087401527,1.4224583575241305,MT,cen8,MOMENTO_(+)_INICIO_LONG_1,-0.09870118697695718
C-50,lc50_5lg,M+,GPD,q90,7971.656821705752,1.654316894952114,MT,cen8,MOMENTO_(+)_INICIO_LONG_1,16.185057776807366
C-50,lc50_5lg,M+,GumbelDailyMax,block,6511.526386773809,1.351303543854942,MT,cen8,MOMENTO_(+)_INICIO_LONG_1,-5.096006215099724
C-50,lc50_5lg,V,Weibull3P,q85,824.313394142828,1.3584597794047923,PR,cen2,CORTANTE_APOIO_CENTRAL_LONG_1,0.707961968348636
C-50,lc50_5lg,V,Weibull3P,q90,818.518593794898,1.348910009549931,PR,cen2,CORTANTE_APOIO_CENTRAL_LONG_1,0.0
C-50,lc50_5lg,V,Weibull3P,q925,812.4671405690402,1.3389372784591962,PR,cen2,CORTANTE_APOIO_CENTRAL_LONG_1,-0.7393177469312562
C-50,lc50_5lg,V,Weibull3P,q95,804.4242747362025,1.3256827203958512,PR,cen2,CORTANTE_APOIO_CENTRAL_LONG_1,-1.7219302243764556
C-50,lc50_5lg,V,Weibull3P,frac058,822.9882480548513,1.3562759526282981,PR,cen2,CORTANTE_APOIO_CENTRAL_LONG_1,0.5460663073309835
C-50,lc50_5lg,V,GPD,q90,944.8349122163336,1.5570779700335096,PR,cen2,CORTANTE_APOIO_CENTRAL_LONG_1,15.432308976121757
C-50,lc50_5lg,V,GumbelDailyMax,block,850.1897681021558,1.40110377076822,PR,cen2,CORTANTE_APOIO_CENTRAL_LONG_1,3.8693286319154474
C-50,lc50_5lg,M-,Weibull3P,q85,5178.723040780316,1.0461644056361998,SP,cen4,MOMENTO_(-)_APOIO_CENTRAL_LONG_1,0.0
C-50,lc50_5lg,M-,Weibull3P,q90,5178.723040780316,1.0461644056361998,SP,cen4,MOMENTO_(-)_APOIO_CENTRAL_LONG_1,0.0
C-50,lc50_5lg,M-,Weibull3P,q925,5178.723040780316,1.0461644056361998,SP,cen4,MOMENTO_(-)_APOIO_CENTRAL_LONG_1,0.0
C-50,lc50_5lg,M-,Weibull3P,q95,5178.723040780316,1.0461644056361998,SP,cen4,MOMENTO_(-)_APOIO_CENTRAL_LONG_1,0.0
C-50,lc50_5lg,M-,Weibull3P,frac058,5297.29615475621,1.0701176022698498,MT,cen2,MOMENTO_(-)_APOIO_CENTRAL_LONG_1,2.2896206852959455
C-50,lc50_5lg,M-,GPD,q90,5184.761064951081,1.0473841592160076,SP,cen6,MOMENTO_(-)_APOIO_CENTRAL_LONG_1,0.11659291534258376
C-50,lc50_5lg,M-,GumbelDailyMax,block,4884.704813606079,0.986769183791782,SP,cen4,MOMENTO_(-)_APOIO_CENTRAL_LONG_1,-5.677427135202329
