bridge,system,span_m,n_girders,load_effect,unit,envelope_q117,governing_stream,governing_group,runner_up_stream,margin_pct,spread_pct,tb45_static,portela_static,rossigali_q117,envelope_over_tb45,envelope_over_rossigali,envelope_over_portela
C-10,two_span_continuous,10,2,M+,kN.m,1003.36,MG,intermediate,SC,1.34,23.07,905.61,1650.29,1024.922,1.107938,0.978962,0.60799
C-10,two_span_continuous,10,2,M-,kN.m,1079.455,SP,light,MG,0.08,32.11,749.86,1159.09,929.135,1.439542,1.161785,0.931295
C-10,two_span_continuous,10,2,V,kN,627.556,PR,intermediate,MT,4.16,28.1,536.89,961.96,604.899,1.168873,1.037456,0.652372
C-20,two_span_continuous,20,2,M+,kN.m,3070.29,SP,light,MG,3.56,26.72,2572.31,4136.22,3069.001,1.193593,1.00042,0.742294
C-20,two_span_continuous,20,2,M-,kN.m,2790.077,MT,heavy,SP,9.15,41.47,2324.36,2699.65,2118.653,1.200364,1.316911,1.033496
C-20,two_span_continuous,20,2,V,kN,926.931,MG,intermediate,MT,1.8,42.34,748.55,1181.79,795.478,1.238302,1.16525,0.784345
C-30,two_span_continuous,30,2,M+,kN.m,5815.955,PR,intermediate,MG,0.78,28.94,4773.18,6900.81,5814.466,1.218465,1.000256,0.842793
C-30,two_span_continuous,30,2,M-,kN.m,5019.27,MG,intermediate,SP,2.53,67.3,4672.92,4300.96,4234.202,1.074119,1.185411,1.167012
C-30,two_span_continuous,30,2,V,kN,1200.044,SP,light,PR,5.81,53.96,958.66,1314.46,970.006,1.251793,1.237151,0.912956
C-30*,two_span_continuous,30,5,M+,kN.m,2625.155,PR,intermediate,MT,6.37,26.6,2190.05,2988.92,2589.121,1.198674,1.013917,0.878296
C-30*,two_span_continuous,30,5,M-,kN.m,3109.602,PR,intermediate,SP,10.85,107.9,1948.51,1894.97,2108.726,1.595887,1.474635,1.640977
C-30*,two_span_continuous,30,5,V,kN,545.507,PR,intermediate,SC,3.4,23.87,439.47,568.96,527.415,1.241284,1.034303,0.958779
C-40,two_span_continuous,40,5,M+,kN.m,4054.844,MT,heavy,PR,0.68,32.43,3402.73,4339.77,3656.215,1.191644,1.109028,0.934345
C-40,two_span_continuous,40,5,M-,kN.m,4715.747,MT,heavy,MG,11.49,139.03,3289.98,2703.2,3412.378,1.433366,1.381953,1.744505
C-40,two_span_continuous,40,5,V,kN,581.837,PR,intermediate,SC,2.56,24.45,524.58,633.09,567.919,1.109148,1.024507,0.919043
C-50,two_span_continuous,50,5,M+,kN.m,5525.673,MT,heavy,MG,5.52,36.17,4818.67,5744.08,5001.077,1.146722,1.104897,0.961977
C-50,two_span_continuous,50,5,M-,kN.m,6128.295,MT,heavy,MG,7.49,132.41,4950.17,3532.94,4314.17,1.237997,1.420504,1.734616
C-50,two_span_continuous,50,5,V,kN,631.231,PR,intermediate,MG,1.51,25.1,606.8,686.73,577.929,1.040262,1.092229,0.919184
S-10,simply_supported,10,2,M+,kN.m,1276.405,SP,light,PR,1.96,18.06,1147.46,1996.72,1335.368,1.112374,0.955845,0.639251
S-10,simply_supported,10,2,V,kN,551.176,PR,intermediate,RJ,8.12,34.44,472.63,903.22,645.534,1.166189,0.85383,0.610234
S-20,simply_supported,20,2,M+,kN.m,3753.649,MT,heavy,PR,3.27,35.24,3237.04,5001.62,3594.991,1.159593,1.044133,0.750487
S-20,simply_supported,20,2,V,kN,881.441,MT,heavy,SP,3.43,29.8,657.02,1109.99,803.378,1.341574,1.097168,0.794098
S-30,simply_supported,30,2,M+,kN.m,7986.279,MG,intermediate,SC,3.25,38.31,6152.52,8578.75,7267.953,1.29805,1.098835,0.930937
S-30,simply_supported,30,2,V,kN,1161.712,MT,heavy,SC,5.64,51.82,821.24,1219.21,930.484,1.414583,1.248503,0.95284
S-30*,simply_supported,30,5,M+,kN.m,3504.629,SC,intermediate,MG,3.02,34.4,2774.62,3779.35,3171.063,1.263102,1.105191,0.92731
S-30*,simply_supported,30,5,V,kN,516.415,PR,intermediate,SC,0.46,23.47,385.25,524.55,536.995,1.340467,0.961676,0.984491
S-40,simply_supported,40,5,M+,kN.m,5335.53,MT,heavy,PR,3.36,38.84,4337.14,5499.1,4449.627,1.230195,1.199096,0.970255
S-40,simply_supported,40,5,V,kN,576.133,PR,intermediate,SP,4.64,26.93,450.89,575.59,567.59,1.277768,1.015051,1.000943
S-50,simply_supported,50,5,M+,kN.m,7062.972,MT,heavy,SC,0.9,38.55,6150.47,7267.45,6268.248,1.148363,1.126786,0.971864
S-50,simply_supported,50,5,V,kN,590.7,PR,intermediate,MG,0.24,20.7,512.9,617.03,572.958,1.151686,1.030966,0.957328
