stream,composition_group,bridge,system,span_m,n_girders,load_effect,unit,q117,governing_lane_layout,governing_section,governing_girder
MG,intermediate,C-10,two_span_continuous,10,2,M+,kN.m,1003.36,3s,second_span_0.4L,1
MT,heavy,C-10,two_span_continuous,10,2,M+,kN.m,948.877,3o,second_span_0.4L,1
PB,light,C-10,two_span_continuous,10,2,M+,kN.m,815.28,3s,second_span_0.4L,1
PR,intermediate,C-10,two_span_continuous,10,2,M+,kN.m,845.611,3s,first_span_0.4L,1
RJ,light,C-10,two_span_continuous,10,2,M+,kN.m,867.459,2o,second_span_0.4L,1
SC,intermediate,C-10,two_span_continuous,10,2,M+,kN.m,990.074,3s,second_span_0.4L,1
SP,light,C-10,two_span_continuous,10,2,M+,kN.m,942.627,3o,second_span_0.4L,1
ROSSIGALI,,C-10,two_span_continuous,10,2,M+,kN.m,1024.922,3s,second_span_0.4L,1
MG,intermediate,C-10,two_span_continuous,10,2,M-,kN.m,1078.627,3s,central_support,1
MT,heavy,C-10,two_span_continuous,10,2,M-,kN.m,1017.229,3o,central_support,1
PB,light,C-10,two_span_continuous,10,2,M-,kN.m,873.685,3s,central_support,1
PR,intermediate,C-10,two_span_continuous,10,2,M-,kN.m,1004.163,3s,central_support,1
RJ,light,C-10,two_span_continuous,10,2,M-,kN.m,817.08,2o,central_support,1
SC,intermediate,C-10,two_span_continuous,10,2,M-,kN.m,1076.038,3s,central_support,1
SP,light,C-10,two_span_continuous,10,2,M-,kN.m,1079.455,3s,central_support,1
ROSSIGALI,,C-10,two_span_continuous,10,2,M-,kN.m,929.135,2o,central_support,1
MG,intermediate,C-10,two_span_continuous,10,2,V,kN,597.751,3s,central_support,1
MT,heavy,C-10,two_span_continuous,10,2,V,kN,602.488,3s,central_support,1
PB,light,C-10,two_span_continuous,10,2,V,kN,489.89,3s,central_support,1
PR,intermediate,C-10,two_span_continuous,10,2,V,kN,627.556,3s,central_support,1
RJ,light,C-10,two_span_continuous,10,2,V,kN,565.407,3s,central_support,1
SC,intermediate,C-10,two_span_continuous,10,2,V,kN,578.548,3s,central_support,1
SP,light,C-10,two_span_continuous,10,2,V,kN,521.881,2o,central_support,1
ROSSIGALI,,C-10,two_span_continuous,10,2,V,kN,604.899,3s,central_support,1
MG,intermediate,C-20,two_span_continuous,20,2,M+,kN.m,2964.725,3s,second_span_0.4L,1
MT,heavy,C-20,two_span_continuous,20,2,M+,kN.m,2815.301,3s,second_span_0.4L,1
PB,light,C-20,two_span_continuous,20,2,M+,kN.m,2422.898,3s,first_span_0.4L,1
PR,intermediate,C-20,two_span_continuous,20,2,M+,kN.m,2663.685,2o,first_span_0.4L,1
RJ,light,C-20,two_span_continuous,20,2,M+,kN.m,2437.795,2o,second_span_0.4L,1
SC,intermediate,C-20,two_span_continuous,20,2,M+,kN.m,2752.413,3s,second_span_0.4L,1
SP,light,C-20,two_span_continuous,20,2,M+,kN.m,3070.29,3s,second_span_0.4L,1
ROSSIGALI,,C-20,two_span_continuous,20,2,M+,kN.m,3069.001,3o,first_span_0.4L,1
MG,intermediate,C-20,two_span_continuous,20,2,M-,kN.m,2539.806,3o,central_support,1
MT,heavy,C-20,two_span_continuous,20,2,M-,kN.m,2790.077,3o,central_support,1
PB,light,C-20,two_span_continuous,20,2,M-,kN.m,2035.764,3s,central_support,1
PR,intermediate,C-20,two_span_continuous,20,2,M-,kN.m,2550.591,3s,central_support,1
RJ,light,C-20,two_span_continuous,20,2,M-,kN.m,1972.195,2o,central_support,1
SC,intermediate,C-20,two_span_continuous,20,2,M-,kN.m,2415.748,3s,central_support,1
SP,light,C-20,two_span_continuous,20,2,M-,kN.m,2556.192,3s,central_support,1
ROSSIGALI,,C-20,two_span_continuous,20,2,M-,kN.m,2118.653,2o,central_support,1
MG,intermediate,C-20,two_span_continuous,20,2,V,kN,926.931,3s,central_support,1
MT,heavy,C-20,two_span_continuous,20,2,V,kN,910.559,3o,central_support,1
PB,light,C-20,two_span_continuous,20,2,V,kN,651.205,2o,central_support,1
PR,intermediate,C-20,two_span_continuous,20,2,V,kN,878.649,3o,central_support,1
RJ,light,C-20,two_span_continuous,20,2,V,kN,759.122,2o,central_support,1
SC,intermediate,C-20,two_span_continuous,20,2,V,kN,887.473,3s,central_support,1
SP,light,C-20,two_span_continuous,20,2,V,kN,901.914,3s,central_support,1
ROSSIGALI,,C-20,two_span_continuous,20,2,V,kN,795.478,2o,central_support,1
MG,intermediate,C-30,two_span_continuous,30,2,M+,kN.m,5770.923,3o,first_span_0.4L,1
MT,heavy,C-30,two_span_continuous,30,2,M+,kN.m,5578.56,3s,first_span_0.4L,1
PB,light,C-30,two_span_continuous,30,2,M+,kN.m,4510.624,3s,first_span_0.4L,1
PR,intermediate,C-30,two_span_continuous,30,2,M+,kN.m,5815.955,3o,first_span_0.4L,1
RJ,light,C-30,two_span_continuous,30,2,M+,kN.m,4832.116,3o,first_span_0.4L,1
SC,intermediate,C-30,two_span_continuous,30,2,M+,kN.m,5036.945,2o,second_span_0.4L,1
SP,light,C-30,two_span_continuous,30,2,M+,kN.m,5573.165,3s,second_span_0.4L,1
ROSSIGALI,,C-30,two_span_continuous,30,2,M+,kN.m,5814.466,3o,first_span_0.4L,1
MG,intermediate,C-30,two_span_continuous,30,2,M-,kN.m,5019.27,2o,central_support,1
MT,heavy,C-30,two_span_continuous,30,2,M-,kN.m,4395.187,2o,central_support,1
PB,light,C-30,two_span_continuous,30,2,M-,kN.m,3000.195,3o,central_support,1
PR,intermediate,C-30,two_span_continuous,30,2,M-,kN.m,4810.84,3s,central_support,1
RJ,light,C-30,two_span_continuous,30,2,M-,kN.m,3960.192,2o,central_support,1
SC,intermediate,C-30,two_span_continuous,30,2,M-,kN.m,4434.928,3o,central_support,1
SP,light,C-30,two_span_continuous,30,2,M-,kN.m,4895.637,2o,central_support,1
ROSSIGALI,,C-30,two_span_continuous,30,2,M-,kN.m,4234.202,2o,central_support,1
MG,intermediate,C-30,two_span_continuous,30,2,V,kN,1076.238,3o,central_support,1
MT,heavy,C-30,two_span_continuous,30,2,V,kN,1069.533,3s,central_support,1
PB,light,C-30,two_span_continuous,30,2,V,kN,779.466,3o,central_support,1
PR,intermediate,C-30,two_span_continuous,30,2,V,kN,1134.163,3s,central_support,1
RJ,light,C-30,two_span_continuous,30,2,V,kN,912.631,2o,central_support,1
SC,intermediate,C-30,two_span_continuous,30,2,V,kN,1120.731,3o,central_support,1
SP,light,C-30,two_span_continuous,30,2,V,kN,1200.044,3o,central_support,1
ROSSIGALI,,C-30,two_span_continuous,30,2,V,kN,970.006,2o,central_support,1
MG,intermediate,C-30*,two_span_continuous,30,5,M+,kN.m,2367.535,3o,first_span_0.4L,1
MT,heavy,C-30*,two_span_continuous,30,5,M+,kN.m,2467.935,3s,first_span_0.4L,1
PB,light,C-30*,two_span_continuous,30,5,M+,kN.m,2073.546,2o,first_span_0.4L,1
PR,intermediate,C-30*,two_span_continuous,30,5,M+,kN.m,2625.155,2o,first_span_0.4L,1
RJ,light,C-30*,two_span_continuous,30,5,M+,kN.m,2106.339,2o,first_span_0.4L,1
SC,intermediate,C-30*,two_span_continuous,30,5,M+,kN.m,2445.021,2o,first_span_0.4L,1
SP,light,C-30*,two_span_continuous,30,5,M+,kN.m,2345.955,2o,first_span_0.4L,1
ROSSIGALI,,C-30*,two_span_continuous,30,5,M+,kN.m,2589.121,2o,first_span_0.4L,1
MG,intermediate,C-30*,two_span_continuous,30,5,M-,kN.m,2714.469,2o,central_support,1
MT,heavy,C-30*,two_span_continuous,30,5,M-,kN.m,2428.994,2o,central_support,1
PB,light,C-30*,two_span_continuous,30,5,M-,kN.m,1495.73,2o,central_support,1
PR,intermediate,C-30*,two_span_continuous,30,5,M-,kN.m,3109.602,3s,central_support,1
RJ,light,C-30*,two_span_continuous,30,5,M-,kN.m,1948.699,2o,central_support,1
SC,intermediate,C-30*,two_span_continuous,30,5,M-,kN.m,2658.302,2s,central_support,1
SP,light,C-30*,two_span_continuous,30,5,M-,kN.m,2805.341,2o,central_support,1
ROSSIGALI,,C-30*,two_span_continuous,30,5,M-,kN.m,2108.726,2s,central_support,1
MG,intermediate,C-30*,two_span_continuous,30,5,V,kN,518.082,3o,central_support,1
MT,heavy,C-30*,two_span_continuous,30,5,V,kN,500.878,3o,central_support,1
PB,light,C-30*,two_span_continuous,30,5,V,kN,440.372,2o,central_support,1
PR,intermediate,C-30*,two_span_continuous,30,5,V,kN,545.507,2o,central_support,1
RJ,light,C-30*,two_span_continuous,30,5,V,kN,465.069,2o,central_support,1
SC,intermediate,C-30*,two_span_continuous,30,5,V,kN,527.584,2s,central_support,1
SP,light,C-30*,two_span_continuous,30,5,V,kN,505.397,2o,central_support,1
ROSSIGALI,,C-30*,two_span_continuous,30,5,V,kN,527.415,2o,central_support,1
MG,intermediate,C-40,two_span_continuous,40,5,M+,kN.m,3689.608,3o,first_span_0.4L,1
MT,heavy,C-40,two_span_continuous,40,5,M+,kN.m,4054.844,3o,first_span_0.4L,1
PB,light,C-40,two_span_continuous,40,5,M+,kN.m,3061.912,2o,first_span_0.4L,1
PR,intermediate,C-40,two_span_continuous,40,5,M+,kN.m,4027.362,3s,first_span_0.4L,1
RJ,light,C-40,two_span_continuous,40,5,M+,kN.m,3464.587,3o,first_span_0.4L,1
SC,intermediate,C-40,two_span_continuous,40,5,M+,kN.m,3888.359,3s,first_span_0.4L,1
SP,light,C-40,two_span_continuous,40,5,M+,kN.m,3409.97,2o,first_span_0.4L,1
ROSSIGALI,,C-40,two_span_continuous,40,5,M+,kN.m,3656.215,3s,first_span_0.4L,1
MG,intermediate,C-40,two_span_continuous,40,5,M-,kN.m,4229.797,2o,central_support,1
MT,heavy,C-40,two_span_continuous,40,5,M-,kN.m,4715.747,2o,central_support,1
PB,light,C-40,two_span_continuous,40,5,M-,kN.m,1972.83,2o,central_support,1
PR,intermediate,C-40,two_span_continuous,40,5,M-,kN.m,4037.298,2o,central_support,1
RJ,light,C-40,two_span_continuous,40,5,M-,kN.m,3397.239,2o,central_support,1
SC,intermediate,C-40,two_span_continuous,40,5,M-,kN.m,3915.305,2o,central_support,1
SP,light,C-40,two_span_continuous,40,5,M-,kN.m,3660.612,2o,central_support,1
ROSSIGALI,,C-40,two_span_continuous,40,5,M-,kN.m,3412.378,2o,central_support,1
MG,intermediate,C-40,two_span_continuous,40,5,V,kN,530.076,2o,central_support,1
MT,heavy,C-40,two_span_continuous,40,5,V,kN,555.402,2o,central_support,1
PB,light,C-40,two_span_continuous,40,5,V,kN,467.526,2o,central_support,1
PR,intermediate,C-40,two_span_continuous,40,5,V,kN,581.837,2o,central_support,1
RJ,light,C-40,two_span_continuous,40,5,V,kN,496.915,2s,central_support,1
SC,intermediate,C-40,two_span_continuous,40,5,V,kN,567.335,3s,central_support,1
SP,light,C-40,two_span_continuous,40,5,V,kN,533.724,2o,central_support,1
ROSSIGALI,,C-40,two_span_continuous,40,5,V,kN,567.919,3s,central_support,1
MG,intermediate,C-50,two_span_continuous,50,5,M+,kN.m,5236.37,3s,first_span_0.4L,1
MT,heavy,C-50,two_span_continuous,50,5,M+,kN.m,5525.673,3s,first_span_0.4L,1
PB,light,C-50,two_span_continuous,50,5,M+,kN.m,4057.877,2o,first_span_0.4L,1
PR,intermediate,C-50,two_span_continuous,50,5,M+,kN.m,5109.109,3o,first_span_0.4L,1
RJ,light,C-50,two_span_continuous,50,5,M+,kN.m,5090.769,3s,first_span_0.4L,1
SC,intermediate,C-50,two_span_continuous,50,5,M+,kN.m,4752.407,2o,first_span_0.4L,1
SP,light,C-50,two_span_continuous,50,5,M+,kN.m,5007.155,3s,first_span_0.4L,1
ROSSIGALI,,C-50,two_span_continuous,50,5,M+,kN.m,5001.077,3s,first_span_0.4L,1
MG,intermediate,C-50,two_span_continuous,50,5,M-,kN.m,5701.094,3o,central_support,1
MT,heavy,C-50,two_span_continuous,50,5,M-,kN.m,6128.295,2o,central_support,1
PB,light,C-50,two_span_continuous,50,5,M-,kN.m,2636.898,2o,central_support,1
PR,intermediate,C-50,two_span_continuous,50,5,M-,kN.m,5268.8,3o,central_support,1
RJ,light,C-50,two_span_continuous,50,5,M-,kN.m,4422.394,2o,central_support,1
SC,intermediate,C-50,two_span_continuous,50,5,M-,kN.m,5546.192,3o,central_support,1
SP,light,C-50,two_span_continuous,50,5,M-,kN.m,4613.15,2o,central_support,1
ROSSIGALI,,C-50,two_span_continuous,50,5,M-,kN.m,4314.17,2s,central_support,1
MG,intermediate,C-50,two_span_continuous,50,5,V,kN,621.841,3s,central_support,1
MT,heavy,C-50,two_span_continuous,50,5,V,kN,593.194,2o,central_support,1
PB,light,C-50,two_span_continuous,50,5,V,kN,504.601,2o,central_support,1
PR,intermediate,C-50,two_span_continuous,50,5,V,kN,631.231,3o,central_support,1
RJ,light,C-50,two_span_continuous,50,5,V,kN,524.793,2o,central_support,1
SC,intermediate,C-50,two_span_continuous,50,5,V,kN,602.846,2o,central_support,1
SP,light,C-50,two_span_continuous,50,5,V,kN,540.334,2s,central_support,1
ROSSIGALI,,C-50,two_span_continuous,50,5,V,kN,577.929,2s,central_support,1
MG,intermediate,S-10,simply_supported,10,2,M+,kN.m,1156.758,3o,midspan,1
MT,heavy,S-10,simply_supported,10,2,M+,kN.m,1220.536,3o,midspan,1
PB,light,S-10,simply_supported,10,2,M+,kN.m,1081.153,3s,midspan,1
PR,intermediate,S-10,simply_supported,10,2,M+,kN.m,1251.927,3o,midspan,1
RJ,light,S-10,simply_supported,10,2,M+,kN.m,1194.057,3s,midspan,1
SC,intermediate,S-10,simply_supported,10,2,M+,kN.m,1194.719,2o,midspan,1
SP,light,S-10,simply_supported,10,2,M+,kN.m,1276.405,3s,midspan,1
ROSSIGALI,,S-10,simply_supported,10,2,M+,kN.m,1335.368,2o,midspan,1
MG,intermediate,S-10,simply_supported,10,2,V,kN,508.113,3s,first_end_support,1
MT,heavy,S-10,simply_supported,10,2,V,kN,455.546,2o,first_end_support,1
PB,light,S-10,simply_supported,10,2,V,kN,409.986,2o,first_end_support,1
PR,intermediate,S-10,simply_supported,10,2,V,kN,551.176,3o,first_end_support,1
RJ,light,S-10,simply_supported,10,2,V,kN,509.796,3s,first_end_support,1
SC,intermediate,S-10,simply_supported,10,2,V,kN,501.82,2o,first_end_support,1
SP,light,S-10,simply_supported,10,2,V,kN,483.768,2o,first_end_support,1
ROSSIGALI,,S-10,simply_supported,10,2,V,kN,645.534,3o,second_end_support,2
MG,intermediate,S-20,simply_supported,20,2,M+,kN.m,3560.209,3s,midspan,1
MT,heavy,S-20,simply_supported,20,2,M+,kN.m,3753.649,3s,midspan,1
PB,light,S-20,simply_supported,20,2,M+,kN.m,2775.484,3o,midspan,1
PR,intermediate,S-20,simply_supported,20,2,M+,kN.m,3634.842,3o,midspan,1
RJ,light,S-20,simply_supported,20,2,M+,kN.m,3344.729,3o,midspan,1
SC,intermediate,S-20,simply_supported,20,2,M+,kN.m,3537.405,3o,midspan,1
SP,light,S-20,simply_supported,20,2,M+,kN.m,3623.02,3s,midspan,1
ROSSIGALI,,S-20,simply_supported,20,2,M+,kN.m,3594.991,3s,midspan,1
MG,intermediate,S-20,simply_supported,20,2,V,kN,807.634,3s,first_end_support,1
MT,heavy,S-20,simply_supported,20,2,V,kN,881.441,3o,first_end_support,1
PB,light,S-20,simply_supported,20,2,V,kN,679.086,3s,first_end_support,1
PR,intermediate,S-20,simply_supported,20,2,V,kN,846.822,3o,first_end_support,1
RJ,light,S-20,simply_supported,20,2,V,kN,745.215,3o,first_end_support,1
SC,intermediate,S-20,simply_supported,20,2,V,kN,804.459,3o,first_end_support,1
SP,light,S-20,simply_supported,20,2,V,kN,852.237,3s,first_end_support,1
ROSSIGALI,,S-20,simply_supported,20,2,V,kN,803.378,2o,first_end_support,1
MG,intermediate,S-30,simply_supported,30,2,M+,kN.m,7986.279,3s,midspan,1
MT,heavy,S-30,simply_supported,30,2,M+,kN.m,7457.823,3o,midspan,1
PB,light,S-30,simply_supported,30,2,M+,kN.m,5774.06,3s,midspan,1
PR,intermediate,S-30,simply_supported,30,2,M+,kN.m,7468.272,3s,midspan,1
RJ,light,S-30,simply_supported,30,2,M+,kN.m,6872.963,3s,midspan,1
SC,intermediate,S-30,simply_supported,30,2,M+,kN.m,7734.802,3o,midspan,1
SP,light,S-30,simply_supported,30,2,M+,kN.m,7681.625,3s,midspan,1
ROSSIGALI,,S-30,simply_supported,30,2,M+,kN.m,7267.953,3o,midspan,1
MG,intermediate,S-30,simply_supported,30,2,V,kN,1043.601,3s,first_end_support,1
MT,heavy,S-30,simply_supported,30,2,V,kN,1161.712,3o,first_end_support,1
PB,light,S-30,simply_supported,30,2,V,kN,765.209,2o,first_end_support,1
PR,intermediate,S-30,simply_supported,30,2,V,kN,1072.52,3s,first_end_support,1
RJ,light,S-30,simply_supported,30,2,V,kN,968.776,3s,first_end_support,1
SC,intermediate,S-30,simply_supported,30,2,V,kN,1099.67,3o,first_end_support,1
SP,light,S-30,simply_supported,30,2,V,kN,1010.067,3s,second_end_support,1
ROSSIGALI,,S-30,simply_supported,30,2,V,kN,930.484,3o,first_end_support,1
MG,intermediate,S-30*,simply_supported,30,5,M+,kN.m,3401.792,3s,midspan,1
MT,heavy,S-30*,simply_supported,30,5,M+,kN.m,3351.599,3o,midspan,1
PB,light,S-30*,simply_supported,30,5,M+,kN.m,2607.697,2o,midspan,1
PR,intermediate,S-30*,simply_supported,30,5,M+,kN.m,3236.977,3s,midspan,1
RJ,light,S-30*,simply_supported,30,5,M+,kN.m,2677.36,2o,midspan,1
SC,intermediate,S-30*,simply_supported,30,5,M+,kN.m,3504.629,3o,midspan,1
SP,light,S-30*,simply_supported,30,5,M+,kN.m,3377.77,3s,midspan,1
ROSSIGALI,,S-30*,simply_supported,30,5,M+,kN.m,3171.063,2o,midspan,1
MG,intermediate,S-30*,simply_supported,30,5,V,kN,487.966,3s,first_end_support,1
MT,heavy,S-30*,simply_supported,30,5,V,kN,489.207,2o,first_end_support,1
PB,light,S-30*,simply_supported,30,5,V,kN,418.261,2o,first_end_support,1
PR,intermediate,S-30*,simply_supported,30,5,V,kN,516.415,2o,first_end_support,1
RJ,light,S-30*,simply_supported,30,5,V,kN,452.201,2o,first_end_support,1
SC,intermediate,S-30*,simply_supported,30,5,V,kN,514.064,2o,first_end_support,1
SP,light,S-30*,simply_supported,30,5,V,kN,502.445,3s,first_end_support,1
ROSSIGALI,,S-30*,simply_supported,30,5,V,kN,536.995,2o,first_end_support,1
MG,intermediate,S-40,simply_supported,40,5,M+,kN.m,4871.866,3s,midspan,1
MT,heavy,S-40,simply_supported,40,5,M+,kN.m,5335.53,3o,midspan,1
PB,light,S-40,simply_supported,40,5,M+,kN.m,3842.889,2o,midspan,1
PR,intermediate,S-40,simply_supported,40,5,M+,kN.m,5162.071,3o,midspan,1
RJ,light,S-40,simply_supported,40,5,M+,kN.m,3976.004,2o,midspan,1
SC,intermediate,S-40,simply_supported,40,5,M+,kN.m,4279.777,2o,midspan,1
SP,light,S-40,simply_supported,40,5,M+,kN.m,5095.296,3s,midspan,1
ROSSIGALI,,S-40,simply_supported,40,5,M+,kN.m,4449.627,2o,midspan,1
MG,intermediate,S-40,simply_supported,40,5,V,kN,524.928,2o,first_end_support,1
MT,heavy,S-40,simply_supported,40,5,V,kN,543.19,3o,first_end_support,1
PB,light,S-40,simply_supported,40,5,V,kN,453.891,2o,first_end_support,1
PR,intermediate,S-40,simply_supported,40,5,V,kN,576.133,2o,first_end_support,1
RJ,light,S-40,simply_supported,40,5,V,kN,505.649,2o,first_end_support,1
SC,intermediate,S-40,simply_supported,40,5,V,kN,547.877,2o,first_end_support,1
SP,light,S-40,simply_supported,40,5,V,kN,550.609,3s,first_end_support,1
ROSSIGALI,,S-40,simply_supported,40,5,V,kN,567.59,2o,first_end_support,1
MG,intermediate,S-50,simply_supported,50,5,M+,kN.m,6785.8,3o,midspan,1
MT,heavy,S-50,simply_supported,50,5,M+,kN.m,7062.972,3o,midspan,1
PB,light,S-50,simply_supported,50,5,M+,kN.m,5097.75,2o,midspan,1
PR,intermediate,S-50,simply_supported,50,5,M+,kN.m,6691.944,3o,midspan,1
RJ,light,S-50,simply_supported,50,5,M+,kN.m,5321.223,2o,midspan,1
SC,intermediate,S-50,simply_supported,50,5,M+,kN.m,6999.626,3s,midspan,1
SP,light,S-50,simply_supported,50,5,M+,kN.m,6578.979,3s,midspan,1
ROSSIGALI,,S-50,simply_supported,50,5,M+,kN.m,6268.248,3o,midspan,1
MG,intermediate,S-50,simply_supported,50,5,V,kN,589.284,3o,first_end_support,1
MT,heavy,S-50,simply_supported,50,5,V,kN,571.4,3o,first_end_support,1
PB,light,S-50,simply_supported,50,5,V,kN,489.394,2o,first_end_support,1
PR,intermediate,S-50,simply_supported,50,5,V,kN,590.7,2o,first_end_support,1
RJ,light,S-50,simply_supported,50,5,V,kN,520.341,2o,first_end_support,1
SC,intermediate,S-50,simply_supported,50,5,V,kN,554.934,2o,first_end_support,1
SP,light,S-50,simply_supported,50,5,V,kN,553.104,3o,first_end_support,1
ROSSIGALI,,S-50,simply_supported,50,5,V,kN,572.958,2o,first_end_support,1
