ID,id_trecho_,vl_br,sg_uf,nm_tipo_tr,sg_tipo_tr,desc_coinc,vl_codigo,ds_local_i,ds_local_f,vl_km_inic,vl_km_fina,vl_extensa,vl_km_i_estim,vl_km_f_estim,vl_ext_estim,ds_sup_fed,ul,ds_coinc,ds_tipo_ad,ds_jurisdi,ds_superfi,ds_legenda,sg_legenda,leg_multim,versao_snv,id_versao,classificação,GEH,A_C,B_C,C_C,D_C,E_C,F_C,G_C,H_C,I_C,J_C,A_D,B_D,C_D,D_D,E_D,F_D,G_D,H_D,I_D,J_D,VMDa_C,VMDa_D,_PESADOS_TOTAL,_is_ref,_is_est,UF
14540,158752,364,AC,Eixo Principal,B,-,364BAC1560,ENTR AC-475 (P/ ACRELÂNDIA),ENTR BR-317 (QUATRO BOCAS),31.1,98.6,67.5,31.1,98.6,67.5,PAV,Rio Branco,364BAC1560,Federal,Federal,PAV,Pavimentada,PAV,Pavimentada,202401A,74,Referencial,A,82.0,46.0,29.0,21.0,44.0,16.0,1.0,18.0,551.0,147.0,99.0,55.0,36.0,26.0,53.0,20.0,2.0,22.0,556.0,148.0,955.0,1017.0,570.0,True,False,AC
14491,151773,101,AL,Eixo Principal,B,-,101BAL0890,ENTR AL-225(A),ENTR AL-225(B) (P/PORTO REAL DO COLÉGIO),227.2,245.3,18.1,227.2,245.3,18.100000000000023,DUP,Maceió,101BAL0890,Federal,Federal,PAV,Duplicada,DUP,Duplicada,202401A,74,Referencial,A,413.0,335.0,213.0,200.0,260.0,46.0,4.0,69.0,1514.0,185.0,340.0,275.0,175.0,165.0,214.0,37.0,4.0,57.0,1529.0,187.0,3239.0,2983.0,2807.0,True,False,AL
14851,152110,104,AL,Eixo Principal,B,-,104BAL0650,ENTR BR-101(B),ENTR AL-210,83.3,92.1,8.8,83.3,92.1,8.799999999999997,DUP,Maceió,104BAL0650,Federal,Federal,PAV,Duplicada,DUP,Duplicada,202401A,74,Referencial,A,1433.0,308.0,137.0,95.0,101.0,22.0,2.0,19.0,8716.0,2195.0,1515.0,326.0,144.0,100.0,107.0,24.0,3.0,21.0,7785.0,1960.0,13028.0,11985.0,4357.0,True,False,AL
14770,155215,316,AL,Eixo Principal,B,-,316BAL1020,ENTR AL-110(B),ENTR AL-450 (MARIBONDO),193.9,201.5,7.6,193.9,201.5,7.599999999999994,PAV,Maceió,316BAL1020,Federal,Federal,PAV,Pavimentada,PAV,Pavimentada,202401A,74,Referencial,A,407.0,157.0,72.0,45.0,48.0,9.0,1.0,10.0,1721.0,227.0,462.0,178.0,81.0,52.0,55.0,10.0,1.0,12.0,1661.0,219.0,2697.0,2731.0,1600.0,True,False,AL
14938,156762,423,AL,Eixo Principal,B,-,423BAL0240,ENTR AL-140 (P/INHAPI),ENTR AL-145 (P/DELMIRO GOUVEIA),51.6,79.7,28.1,51.6,79.7,28.1,PAV,Santana do Ipanema,423BAL0240,Federal,Federal,PAV,Pavimentada,PAV,Pavimentada,202401A,74,Referencial,A,190.0,122.0,59.0,55.0,82.0,12.0,2.0,10.0,708.0,59.0,154.0,100.0,48.0,45.0,67.0,9.0,2.0,8.0,692.0,57.0,1299.0,1182.0,965.0,True,False,AL
14758,156787,424,AL,Eixo Principal,B,-,424BAL0310,ENTR BR-316(B),ENTR AL-101(A) (ILHA DE SANTA RITA),92.0,108.2,16.2,92.0,108.2,16.200000000000003,PAV,Maceió,424BAL0310,Federal,Federal,PAV,Pavimentada,PAV,Pavimentada,202401A,74,Referencial,A,833.0,299.0,172.0,185.0,198.0,68.0,4.0,60.0,3311.0,446.0,867.0,312.0,179.0,192.0,205.0,70.0,4.0,62.0,3266.0,440.0,5576.0,5597.0,3710.0,True,False,AL
18932,153486,174,AM,Eixo Principal,B,-,174BAM0570,RIO PRETO,RIO URUBÚ,966.9,983.5,16.6,966.9,983.5,16.600000000000023,PAV,Prainha,174BAM0570,Federal,Federal,PAV,Pavimentada,PAV,Pavimentada,202401A,74,Referencial,A,98.0,35.0,38.0,39.0,51.0,26.0,2.0,40.0,759.0,60.0,94.0,33.0,36.0,38.0,49.0,25.0,2.0,38.0,741.0,59.0,1148.0,1115.0,644.0,True,False,AM
12222,151333,30,BA,Eixo Principal,B,-,030BBA0335,ENTR BA-026(A)/148(A) (P/MALHADA DE PEDRAS),ENTR BA-026(B)/148(B) (P/BRUMADO - ACESSO I),512.0,529.4,17.4,512.0,529.4,17.399999999999977,PAV,Vitória da Conquista,030BBA0335,Federal,Federal,PAV,Pavimentada,PAV,Pavimentada,202401A,74,Referencial,A,287.0,229.0,29.0,48.0,53.0,30.0,11.0,12.0,982.0,213.0,270.0,215.0,27.0,45.0,49.0,28.0,10.0,11.0,930.0,202.0,1894.0,1787.0,1354.0,True,False,BA
10198,151860,101,BA,Eixo Principal,B,-,101BBA1914,ENTR BA-985 (MUNDO NOVO),ENTR BR-367(B) (EUNÁPOLIS) (P/ PORTO SEGURO),702.7,717.6,14.9,702.7,717.6,14.899999999999975,PAV,Eunápolis,101BBA1914;367BBA0030,Federal,Federal,PAV,Pavimentada,PAV,Pavimentada,202401A,74,Referencial,C,365.0,272.0,121.0,77.0,157.0,24.0,1.0,39.0,2105.0,127.0,333.0,248.0,110.0,71.0,143.0,22.0,1.0,36.0,2156.0,130.0,3288.0,3250.0,2020.0,True,False,BA
14671,152158,110,BA,Eixo Principal,B,-,110BBA0572,ENTR BA-305 (P/SANTA BRÍGIDA),JEREMOABO,37.7,75.5,37.8,37.7,75.5,37.8,PAV,Euclides da Cunha,110BBA0572,Federal,Federal,PAV,Pavimentada,PAV,Pavimentada,202401A,74,Referencial,A,151.0,137.0,84.0,70.0,138.0,15.0,1.0,28.0,600.0,45.0,174.0,159.0,97.0,82.0,160.0,18.0,2.0,33.0,564.0,42.0,1269.0,1331.0,1349.0,True,False,BA
13400,152244,116,BA,Eixo Principal,B,-,116BBA0690,ENTR BR-324(A),ENTR BR-324(B)/BA-502/503 (FEIRA DE SANTANA),403.8,423.1,19.3,403.8,423.1,19.30000000000001,DUP,Feira de Santana,116BBA0690;324BBA0330,Federal,Federal,PAV,Duplicada,DUP,Duplicada,202401A,74,Referencial,A,1568.0,652.0,328.0,233.0,459.0,53.0,6.0,87.0,6643.0,894.0,1370.0,570.0,287.0,203.0,401.0,47.0,6.0,76.0,7192.0,968.0,10923.0,11120.0,6346.0,True,False,BA
12816,158856,135,BA,Eixo Principal,B,-,135BBA0600,INÍCIO PAVIMENTAÇÃO,ACESSO A CORRENTINA,325.3,340.2,14.9,325.3,340.2,14.899999999999975,PAV,Barreiras,135BBA0600,Federal,Federal,PAV,Pavimentada,PAV,Pavimentada,202401A,74,Referencial,A,33.0,4.0,2.0,11.0,9.0,15.0,2.0,6.0,328.0,132.0,33.0,4.0,2.0,11.0,9.0,15.0,2.0,6.0,338.0,135.0,542.0,555.0,164.0,True,False,BA
13307,154170,242,BA,Eixo Principal,B,-,242BBA0250,ENTR BA-161(B),ENTR BA-172,644.3,664.7,20.4,644.3,664.7,20.40000000000009,PAV,Barreiras,242BBA0250,Federal,Federal,PAV,Pavimentada,PAV,Pavimentada,202401A,74,Referencial,A,463.0,59.0,23.0,155.0,127.0,218.0,26.0,79.0,456.0,23.0,505.0,64.0,25.0,169.0,139.0,238.0,28.0,87.0,538.0,27.0,1629.0,1820.0,2405.0,True,False,BA
13201,155361,324,BA,Eixo Principal,B,-,324BBA0390,AMÉLIA RODRIGUES,ENTR BA-515 (P/JACUÍPE),544.9,561.8,16.9,544.9,561.8,16.899999999999977,DUP,Feira de Santana,324BBA0390,Concessão Federal,Federal,PAV,Duplicada,DUP,Duplicada Concessão/Convênio,202401A,74,Referencial,B,1388.0,907.0,620.0,410.0,635.0,202.0,12.0,367.0,9871.0,292.0,1285.0,840.0,574.0,379.0,588.0,187.0,11.0,340.0,9809.0,291.0,14704.0,14304.0,8745.0,True,False,BA
29653914,155408,330,BA,Eixo Principal,B,-,330BBA0272,ENTR BA-130(B) (P/ ITAGI),ENTR BA-650 (IPIAÚ),806.7,837.4,30.7,810.3,836.3,26.0,PAV,Jequié,330BBA0272,Federal,Federal,PAV,Pavimentada,PAV,Pavimentada,202401A,74,Referencial,A,175.0,88.0,6.0,12.0,13.0,2.0,0.0,2.0,1143.0,177.0,171.0,87.0,6.0,12.0,13.0,2.0,0.0,2.0,1017.0,157.0,1618.0,1467.0,591.0,True,False,BA
29654357,158863,367,BA,Eixo Principal,B,-,367BBA0025,ENTR BA-001(B) (P/TRANCOSO),ENTR BR-101(A) (EUNÁPOLIS) (P/ PORTO SEGURO),49.2,84.2,35.0,49.2,84.2,35.0,PAV,Eunápolis,367BBA0025,Federal,Federal,PAV,Pavimentada,PAV,Pavimentada,202401A,74,Referencial,D,252.0,163.0,24.0,27.0,21.0,3.0,0.0,5.0,1485.0,162.0,254.0,164.0,24.0,27.0,21.0,3.0,0.0,5.0,1670.0,183.0,2142.0,2351.0,993.0,True,False,BA
14868,158675,407,BA,Eixo Principal,B,-,407BBA0291,ENTR BR-122(D) (JUAZEIRO),PONTE S/ RIO JUREMAL,5.1,39.9,34.8,5.1,39.9,34.8,PAV,Senhor do Bonfim,407BBA0291,Federal,Federal,PAV,Pavimentada,PAV,Pavimentada,202401A,74,Referencial,A,360.0,223.0,129.0,75.0,161.0,34.0,3.0,50.0,1125.0,112.0,356.0,221.0,128.0,74.0,160.0,34.0,3.0,50.0,1251.0,125.0,2272.0,2402.0,2061.0,True,False,BA
12708,156730,420,BA,Eixo Principal,B,-,420BBA0230,ENTR BA-120(B)/553 (SANTA INÊS),ENTR BA-250 (ITAQUARA),310.4,336.2,25.8,310.4,335.0,24.600000000000023,PAV,Cruz das Almas,420BBA0230,Federal,Federal,PAV,Pavimentada,PAV,Pavimentada,202401A,74,Referencial,A,170.0,30.0,6.0,4.0,4.0,1.0,0.0,1.0,343.0,91.0,143.0,25.0,5.0,3.0,4.0,1.0,0.0,1.0,358.0,95.0,650.0,635.0,398.0,True,False,BA
12503,156888,430,BA,Eixo Principal,B,-,430BBA0130,PONTE S/ RIACHO SANTANA (RIACHO DE SANTANA),IGAPORÁ,348.8,380.3,31.5,348.8,380.3,31.5,PAV,Vitória da Conquista,430BBA0130,Federal,Federal,PAV,Pavimentada,PAV,Pavimentada,202401A,74,Referencial,A,105.0,116.0,10.0,28.0,26.0,17.0,6.0,13.0,850.0,152.0,100.0,111.0,9.0,27.0,25.0,16.0,5.0,12.0,635.0,113.0,1323.0,1053.0,626.0,True,False,BA
18332,151284,20,CE,Eixo Principal,B,-,020BCE0640,ENTR CE-253 (CAMPOS BELOS),ENTR CE-354 (P/ITAPEBUSSÚ),348.5,358.9,10.4,348.5,358.9,10.399999999999975,PAV,Fortaleza,020BCE0640,Federal,Federal,PAV,Pavimentada,PAV,Pavimentada,202401A,74,Referencial,A,429.0,92.0,22.0,32.0,26.0,15.0,6.0,14.0,1664.0,21.0,379.0,82.0,20.0,28.0,23.0,13.0,5.0,13.0,1647.0,21.0,2321.0,2231.0,1199.0,True,False,CE
29653498,152188,116,CE,Eixo Principal,B,-,116BCE0090,ACESSO SUL DE PACAJÚS,ACESSO NORTE CHOROZINHO,54.0,64.7,10.7,54.0,64.7,10.700000000000005,PAV,Russas,116BCE0090,Federal,Federal,PAV,Pavimentada,PAV,Pavimentada,202401A,74,Referencial,A,814.0,392.0,266.0,175.0,274.0,60.0,5.0,117.0,3170.0,370.0,746.0,359.0,244.0,161.0,251.0,55.0,4.0,107.0,3205.0,375.0,5643.0,5507.0,4030.0,True,False,CE
18443,153666,222,CE,Eixo Principal,B,-,222BCE0210,ENTR CE-364 (SALGADINHO),ACESSO LESTE TIANGUÁ,248.7,310.4,61.7,248.7,278.9,30.19999999999999,PAV,Sobral,222BCE0210,Federal,Federal,PAV,Pavimentada,PAV,Pavimentada,202401A,74,Referencial,A,314.0,183.0,89.0,52.0,105.0,33.0,3.0,93.0,743.0,91.0,297.0,173.0,84.0,49.0,100.0,31.0,2.0,88.0,768.0,95.0,1706.0,1687.0,1696.0,True,False,CE
17652,153769,226,CE,Eixo Principal,B,-,226BCE0630,ENTR CE-168 (PEDRA BRANCA),ENTR BR-020 (SANTA CRUZ DO BANABUIÚ),217.1,252.3,35.2,217.1,252.3,35.20000000000002,PAV,Boa Viagem,226BCE0630,Federal,Federal,PAV,Pavimentada,PAV,Pavimentada,202401A,74,Referencial,A,30.0,28.0,2.0,6.0,13.0,5.0,0.0,2.0,258.0,285.0,21.0,19.0,1.0,4.0,9.0,4.0,0.0,1.0,289.0,320.0,629.0,668.0,145.0,True,False,CE
18440,156462,402,CE,Eixo Principal,B,-,402BCE0360,ENTR CE-243 (VARJOTA),ENTR TRAVESSIA URBANA (UMIRIM),292.9,301.6,8.7,292.9,301.6,8.700000000000045,PAV,Sobral,402BCE0360,Federal,Federal,PAV,Pavimentada,PAV,Pavimentada,202401A,74,Referencial,A,106.0,57.0,10.0,6.0,4.0,1.0,0.0,2.0,861.0,205.0,145.0,78.0,13.0,7.0,6.0,2.0,0.0,2.0,958.0,228.0,1252.0,1439.0,439.0,True,False,CE
11094,151123,10,DF,Eixo Principal,B,-,010BDF0020,ENTR DF-230,ENTR DF-128,18.2,22.0,3.8,18.2,22.0,3.8000000000000007,DUP,Brasília,010BDF0020;020BDF0020;030BDF0020,Convênio Adm.Federal/Estadual,Federal,PAV,Duplicada,DUP,Duplicada Concessão/Convênio,202401A,74,Referencial,A,1906.0,470.0,207.0,158.0,143.0,45.0,0.0,36.0,17790.0,644.0,2258.0,557.0,245.0,187.0,169.0,53.0,0.0,42.0,15180.0,549.0,21399.0,19240.0,6476.0,True,False,DF
9446,151508,60,DF,Eixo Principal,B,-,060BDF0050,ENTR DF-190,ENTR DF-290,22.4,29.9,7.5,22.4,29.9,7.5,DUP,Brasília,060BDF0050,Concessão Federal,Federal,PAV,Duplicada,DUP,Duplicada Concessão/Convênio,202401A,74,Referencial,B,671.0,415.0,220.0,106.0,188.0,75.0,2.0,85.0,6848.0,175.0,623.0,385.0,204.0,98.0,174.0,69.0,2.0,79.0,6104.0,156.0,8785.0,7894.0,3396.0,True,False,DF
10536,154267,251,DF,Eixo Principal,B,-,251BDF0530,ENTR DF-130(B),ENTR DF-473,13.9,31.9,18.0,13.9,31.9,18.0,PAV,Brasília,251BDF0530,Federal,Federal,PAV,Pavimentada,PAV,Pavimentada,202401A,74,Referencial,A,173.0,79.0,43.0,13.0,23.0,7.0,0.0,6.0,1875.0,23.0,186.0,85.0,46.0,14.0,25.0,8.0,0.0,6.0,1828.0,23.0,2242.0,2221.0,714.0,True,False,DF
6979,151894,101,ES,Eixo Principal,B,-,101BES2397,ENTR ES-060(A) (P/PRAIA DO SOL),ENTR ES-060(B) (P/GUARAPARI),321.5,335.2,13.7,321.5,335.2,13.699999999999989,PAV,Vitória,101BES2397,Concessão Federal,Federal,PAV,Pavimentada,PAV,Pavimentada Concessão/Convênio,202401A,74,Referencial,A,817.0,470.0,367.0,240.0,526.0,65.0,3.0,58.0,4247.0,324.0,795.0,458.0,358.0,233.0,512.0,63.0,3.0,56.0,4282.0,327.0,7117.0,7087.0,5024.0,True,False,ES
29647609,154341,259,ES,Eixo Principal,B,-,259BES0010,ENTR BR-101 (JOÃO NEIVA),ENTR BR-484 (P/PONTE SOBRE RIO DOCE),0.0,49.1,49.1,0.0,49.1,49.1,PAV,Vitória,259BES0010,Federal,Federal,PAV,Pavimentada,PAV,Pavimentada,202401A,74,Referencial,A,398.0,254.0,131.0,70.0,155.0,32.0,3.0,29.0,2736.0,332.0,412.0,263.0,136.0,72.0,160.0,33.0,3.0,30.0,2631.0,319.0,4140.0,4059.0,2181.0,True,False,ES
7134,154378,262,ES,Eixo Principal,B,-,262BES0070,ENTR BR-101(B),ENTR ES-465 (P/DOMINGOS MARTINS),15.9,40.4,24.5,15.9,40.4,24.5,PAV,Vitória,262BES0070,Federal,Federal,PAV,Pavimentada,PAV,Pavimentada,202401A,74,Referencial,A,595.0,216.0,96.0,48.0,110.0,14.0,2.0,20.0,4935.0,168.0,575.0,209.0,93.0,47.0,106.0,13.0,1.0,20.0,4738.0,161.0,6204.0,5963.0,2165.0,True,False,ES
8623,155436,342,ES,Eixo Principal,B,-,342BES0290,ENTR ES-220,ENTR ES-137,104.9,120.4,15.5,104.9,120.4,15.5,PAV,Vitória,342BES0290,Federal,Federal,PAV,Pavimentada,PAV,Pavimentada,202401A,74,Referencial,A,89.0,26.0,8.0,3.0,4.0,1.0,0.0,3.0,673.0,202.0,89.0,25.0,8.0,3.0,4.0,1.0,0.0,3.0,642.0,193.0,1009.0,968.0,267.0,True,False,ES
6636,156387,393,ES,Eixo Principal,B,-,393BES0030,ENTR ES-489 (P/ATÍLIO VIVACQUA),PONTE S/ RIO MUQUI (MUQUI),2.3,27.5,25.2,2.3,18.9,16.599999999999998,PAV,Vitória,393BES0030,Federal,Federal,PAV,Pavimentada,PAV,Pavimentada,202401A,74,Referencial,A,116.0,23.0,4.0,2.0,1.0,0.0,0.0,0.0,943.0,56.0,125.0,25.0,4.0,3.0,2.0,0.0,0.0,0.0,1032.0,62.0,1145.0,1253.0,305.0,True,False,ES
6732,157444,482,ES,Eixo Principal,B,-,482BES0070,ENTR ES-177 (JERÔNIMO MONTEIRO),ENTR ES-181(A),60.6,75.9,15.3,60.6,75.9,15.300000000000004,PAV,Vitória,482BES0070,Federal,Federal,PAV,Pavimentada,PAV,Pavimentada,202401A,74,Referencial,A,220.0,68.0,26.0,6.0,14.0,3.0,0.0,1.0,1627.0,308.0,224.0,70.0,26.0,7.0,14.0,3.0,0.0,1.0,1678.0,318.0,2273.0,2341.0,683.0,True,False,ES
11160,151229,20,GO,Eixo Principal,B,-,020BGO0110,ACESSO A FORMOSA,ENTR GO-346 (P/CABEÇEIRAS),3.7,22.0,18.3,3.7,22.0,18.3,PAV,Brasília,020BGO0110;030BGO0110,Federal,Federal,PAV,Pavimentada,PAV,Pavimentada,202401A,74,Referencial,A,364.0,265.0,165.0,85.0,213.0,67.0,2.0,95.0,3380.0,62.0,393.0,287.0,178.0,92.0,230.0,72.0,2.0,102.0,3411.0,63.0,4698.0,4830.0,2612.0,True,False,GO
9777,151360,40,GO,Eixo Principal,B,-,040BGO0050,ENTR GO-010 (P/LUZIÂNIA),ENTR BR-050(B)/354/457/GO-309 (CRISTALINA),24.1,95.7,71.6,92.9,95.7,2.799999999999997,PAV,,040BGO0050;050BGO0050,Concessão Federal,Federal,PAV,Pavimentada,PAV,Pavimentada Concessão/Convênio,202401A,74,Referencial,A,218.0,243.0,218.0,120.0,270.0,98.0,3.0,111.0,2474.0,56.0,224.0,250.0,225.0,124.0,277.0,101.0,3.0,114.0,2395.0,54.0,3811.0,3767.0,2599.0,True,False,GO
9620,151438,50,GO,Eixo Principal,B,-,050BGO0090,ENTR BR-457(B)/GO-219,ENTR GO-020(A),125.2,154.5,29.3,125.2,154.5,29.3,PAV,,050BGO0090,Concessão Federal,Federal,PAV,Pavimentada,PAV,Pavimentada Concessão/Convênio,202401A,74,Referencial,A,168.0,183.0,161.0,110.0,246.0,102.0,6.0,107.0,1350.0,29.0,184.0,201.0,177.0,121.0,271.0,112.0,6.0,117.0,1375.0,30.0,2462.0,2594.0,2272.0,True,False,GO
10029,151518,60,GO,Eixo Principal,B,-,060BGO0118,ENTR GO-415 (P/GOIANÁPOLIS),ENTR BR-153(B) (VIADUTO ALDEIA DO VALE),109.2,139.4,30.2,109.2,118.4,9.200000000000005,DUP,,060BGO0118;153BGO0578,Concessão Federal,Federal,PAV,Duplicada,DUP,Duplicada Concessão/Convênio,202401A,74,Referencial,A,1388.0,632.0,404.0,233.0,353.0,121.0,7.0,159.0,11253.0,492.0,1364.0,620.0,397.0,229.0,346.0,119.0,7.0,156.0,11286.0,493.0,15042.0,15017.0,6535.0,True,False,GO
10610,151613,70,GO,Eixo Principal,B,-,070BGO0260,ENTR GO-174 (APARECIDA DO RIO CLARO),ENTR GO-188,374.1,423.6,49.5,374.1,423.6,49.5,PAV,Aragarças,070BGO0260,Federal,Federal,PAV,Pavimentada,PAV,Pavimentada,202401A,74,Referencial,A,138.0,95.0,67.0,41.0,120.0,49.0,2.0,130.0,829.0,38.0,124.0,86.0,60.0,37.0,108.0,44.0,2.0,117.0,888.0,41.0,1509.0,1507.0,1220.0,True,False,GO
11978,151675,80,GO,Eixo Principal,B,-,080BGO0150,ENTR GO-438,ENTR BR-153(A)/GO-342(B),153.0,181.3,28.3,153.0,181.3,28.30000000000001,PAV,Uruaçu,080BGO0150,Concessão Federal,Federal,PAV,Pavimentada,PAV,Pavimentada Concessão/Convênio,202401A,74,Referencial,A,133.0,89.0,66.0,41.0,84.0,29.0,2.0,51.0,822.0,30.0,131.0,88.0,65.0,41.0,83.0,29.0,2.0,50.0,840.0,31.0,1347.0,1360.0,984.0,True,False,GO
9690,152802,153,GO,Eixo Principal,B,-,153BGO0625,ENTR GO-319,ENTR GO-219(A),515.8,531.3,15.5,515.8,531.3,15.5,DUP,,153BGO0625,Concessão Federal,Federal,PAV,Duplicada,DUP,Duplicada Concessão/Convênio,202401A,74,Referencial,A,766.0,520.0,419.0,281.0,549.0,100.0,6.0,161.0,6145.0,344.0,822.0,558.0,450.0,302.0,590.0,107.0,6.0,173.0,6312.0,353.0,9291.0,9673.0,5810.0,True,False,GO
8758,152941,154,GO,Eixo Principal,B,-,154BGO0025,ENTR GO-206(A)/419(B),ENTR BR-452(B),9.0,15.5,6.5,9.0,15.5,6.5,PAV,Rio Verde,154BGO0025;452BGO0060;483BGO0035,Federal,Federal,PAV,Pavimentada,PAV,Pavimentada,202401A,74,Referencial,A,183.0,132.0,98.0,60.0,212.0,101.0,4.0,297.0,1532.0,61.0,236.0,170.0,127.0,78.0,273.0,130.0,5.0,382.0,1813.0,72.0,2680.0,3286.0,2488.0,True,False,GO
9903,153053,158,GO,Eixo Principal,B,-,158BGO0335,ENTR GO-472,ENTR GO-221(A),116.4,148.4,32.0,116.4,148.4,32.0,PAV,Aragarças,158BGO0335,Federal,Federal,PAV,Pavimentada,PAV,Pavimentada,202401A,74,Referencial,A,43.0,34.0,26.0,25.0,71.0,34.0,1.0,119.0,319.0,15.0,39.0,31.0,23.0,23.0,63.0,30.0,1.0,107.0,320.0,15.0,687.0,652.0,670.0,True,False,GO
9295,155751,364,GO,Eixo Principal,B,-,364BGO0550,ENTR GO-341(B),ENTR GO-194 (P/PORTELÂNDIA),310.2,325.0,14.8,310.2,325.0,14.800000000000011,PAV,Jataí,364BGO0550,Federal,Federal,PAV,Pavimentada,PAV,Pavimentada,202401A,74,Referencial,A,170.0,140.0,88.0,108.0,132.0,90.0,11.0,151.0,1233.0,42.0,187.0,154.0,97.0,119.0,146.0,100.0,12.0,167.0,1227.0,41.0,2165.0,2250.0,1872.0,True,False,GO
9438,156647,414,GO,Eixo Principal,B,-,414BGO0134,ENTR GO-338 (PLANALMIRA),ENTR BR-153/GO-222/330 (ANÁPOLIS),409.3,439.6,30.3,409.3,439.6,30.30000000000001,PAV,Anápolis,414BGO0134,Concessão Federal,Federal,PAV,Pavimentada,PAV,Pavimentada Concessão/Convênio,202401A,74,Referencial,A,249.0,101.0,50.0,29.0,36.0,23.0,2.0,15.0,2062.0,104.0,229.0,93.0,46.0,27.0,33.0,21.0,1.0,14.0,2041.0,103.0,2671.0,2608.0,969.0,True,False,GO
8988,156973,452,GO,Eixo Principal,B,-,452BGO0030,ENTR GO-164(B) (P/QUIRINÓPOLIS),ENTR GO-409 (P/MAURILÂNDIA),47.8,65.1,17.3,47.8,65.1,17.299999999999997,PAV,Rio Verde,452BGO0030,Federal,Federal,PAV,Pavimentada,PAV,Pavimentada,202401A,74,Referencial,A,91.0,100.0,98.0,62.0,209.0,82.0,4.0,257.0,604.0,10.0,83.0,90.0,89.0,56.0,189.0,75.0,3.0,234.0,642.0,10.0,1517.0,1471.0,1722.0,True,False,GO
17807,151185,10,MA,Eixo Principal,B,-,010BMA0450,FIM TRAV URB IMPERATRIZ,ENTR MA-125 (P/CIDELÂNDIA),260.8,295.2,34.4,260.8,295.2,34.39999999999998,PAV,Imperatriz,010BMA0450,Federal,Federal,PAV,Pavimentada,PAV,Pavimentada,202401A,74,Referencial,A,384.0,179.0,123.0,92.0,219.0,35.0,3.0,156.0,931.0,73.0,405.0,189.0,129.0,98.0,232.0,37.0,4.0,165.0,1185.0,93.0,2195.0,2537.0,2450.0,True,False,MA
29653975,157981,135,MA,Eixo Principal,B,-,135BMA0080,FIM PISTA DUPLA(SANTA RITA),ENTR BR-222(A) (OUTEIRO),70.8,95.9,25.1,70.8,95.9,25.10000000000001,PAV,Pedrinhas,135BMA0080,Federal,Federal,PAV,Pavimentada,PAV,Pavimentada,202401A,74,Referencial,B,501.0,327.0,189.0,128.0,270.0,108.0,6.0,329.0,2358.0,291.0,538.0,351.0,203.0,137.0,290.0,116.0,6.0,353.0,2426.0,299.0,4507.0,4719.0,3852.0,True,False,MA
18438,153699,222,MA,Eixo Principal,B,-,222BMA0610,ENTR BR-316(A) (BELA VISTA DO MARANHÃO),ACESSO LESTE SANTA INÊS,352.4,359.4,7.0,352.4,359.4,7.0,PAV,,222BMA0610;316BMA0295,Federal,Federal,PAV,Pavimentada,PAV,Pavimentada,202401A,74,Referencial,A,1026.0,250.0,77.0,62.0,92.0,30.0,6.0,23.0,2016.0,621.0,862.0,210.0,65.0,52.0,77.0,26.0,5.0,20.0,2036.0,627.0,4203.0,3980.0,2883.0,True,False,MA
17608,153799,226,MA,Eixo Principal,B,-,226BMA0880,ENTR MA-328 (P/JENIPAPO DOS VIEIRAS),ENTR MA-006(A) (GRAJAÚ),340.3,415.7,75.4,340.3,415.7,75.39999999999998,PAV,Imperatriz,226BMA0880,Federal,Federal,PAV,Pavimentada,PAV,Pavimentada,202401A,74,Referencial,A,167.0,129.0,67.0,43.0,104.0,29.0,3.0,109.0,813.0,560.0,178.0,137.0,71.0,45.0,111.0,30.0,3.0,116.0,824.0,567.0,2024.0,2082.0,1342.0,True,False,MA
16578,153900,230,MA,Eixo Principal,B,-,230BMA1002,ENTR MA-374 (P/LORETO),ENTR MA-012/375 (SÃO RAIMUNDO DAS MANGABEIRAS),276.2,315.9,39.7,276.2,315.9,39.69999999999999,PAV,Barão de Grajaú,230BMA1002,Federal,Federal,PAV,Pavimentada,PAV,Pavimentada,202401A,74,Referencial,A,62.0,45.0,30.0,18.0,59.0,20.0,4.0,100.0,203.0,140.0,79.0,57.0,38.0,23.0,75.0,25.0,5.0,127.0,199.0,137.0,681.0,765.0,767.0,True,False,MA
18941,155140,316,MA,Eixo Principal,B,-,316BMA0250,ENTR MA-306/206 (MARACAÇUMÉ),ENTR MA-106(B) (GOVERNADOR NUNES FREIRE),54.7,67.6,12.9,54.7,67.6,12.899999999999991,PAV,,316BMA0250,Federal,Federal,PAV,Pavimentada,PAV,Pavimentada,202401A,74,Referencial,A,669.0,244.0,61.0,42.0,68.0,19.0,5.0,13.0,2089.0,535.0,759.0,277.0,69.0,48.0,78.0,21.0,5.0,15.0,2066.0,529.0,3745.0,3867.0,2393.0,True,False,MA
8062,151381,40,MG,Eixo Principal,B,-,040BMG0330,ENTR MG-238 (P/SETE LAGOAS),ENTR MG-432 (P/ESMERALDAS),473.3,508.7,35.4,473.3,508.7,35.39999999999998,DUP,Contagem,040BMG0330;135BMG0970,Concessão Federal,Federal,PAV,Duplicada,DUP,Duplicada Concessão/Convênio,202401A,74,Referencial,A,891.0,750.0,696.0,476.0,864.0,182.0,6.0,188.0,8032.0,316.0,900.0,758.0,703.0,481.0,872.0,184.0,7.0,190.0,8406.0,330.0,12401.0,12831.0,8148.0,True,False,MG
8400,151453,50,MG,Eixo Principal,B,-,050BMG0255,ENTR BR-050/455 (ACESSO SUL UBERLÂNDIA),RIO TIJUCO,80.8,133.3,52.5,80.8,133.3,52.500000000000014,DUP,Uberlândia,050BMG0255,Concessão Federal,Federal,PAV,Duplicada,DUP,Duplicada Concessão/Convênio,202401A,74,Referencial,A,452.0,513.0,428.0,328.0,616.0,228.0,20.0,352.0,4188.0,69.0,475.0,538.0,449.0,344.0,646.0,240.0,20.0,369.0,3998.0,66.0,7194.0,7145.0,6018.0,True,False,MG
29653457,152283,116,MG,Eixo Principal,B,-,116BMG1130,ENTR BR-342(B)/418/MG-217 (TEÓFILO OTONI),ACESSO ITAMBACURI,276.1,306.5,30.4,276.1,306.5,30.399999999999977,PAV,Teófilo Otoni,116BMG1130,Federal,Federal,PAV,Pavimentada,PAV,Pavimentada,202401A,74,Referencial,B,361.0,353.0,265.0,204.0,318.0,33.0,2.0,47.0,1433.0,57.0,329.0,321.0,241.0,186.0,289.0,30.0,2.0,43.0,1577.0,63.0,3073.0,3081.0,3024.0,True,False,MG
9917,152581,122,MG,Eixo Principal,B,-,122BMG0670,ENTR BR-251(A) (CANACÍ),ENTR BR-135/251(B)/308/365 (MONTES CLAROS),260.6,279.6,19.0,260.6,279.6,19.0,PAV,Montes Claros,122BMG0670;251BMG0290,Federal,Federal,PAV,Pavimentada,PAV,Pavimentada,202401A,74,Referencial,A,320.0,333.0,224.0,176.0,356.0,50.0,6.0,70.0,2008.0,101.0,336.0,349.0,235.0,184.0,374.0,52.0,6.0,74.0,2008.0,101.0,3644.0,3719.0,3145.0,True,False,MG
8239,152689,146,MG,Eixo Principal,B,-,146BMG0070,ENTR MG-187,ENTR BR-262,67.8,120.2,52.4,67.8,120.2,52.400000000000006,PAV,Patos de Minas,146BMG0070,Federal,Federal,PAV,Pavimentada,PAV,Pavimentada,202401A,74,Referencial,A,90.0,87.0,25.0,26.0,166.0,70.0,0.0,73.0,1268.0,30.0,99.0,95.0,27.0,29.0,182.0,76.0,0.0,80.0,1080.0,26.0,1835.0,1694.0,1125.0,True,False,MG
8161,152820,153,MG,Eixo Principal,B,-,153BMG0850,ENTR BR-464(A)/497 (PRATA),ENTR BR-464(B)(ACESSO PATRIMÔNIO),108.1,129.9,21.8,108.1,129.9,21.80000000000001,PAV,Prata,153BMG0850;464BMG0030,Concessão Federal,Federal,PAV,Pavimentada,PAV,Pavimentada Concessão/Convênio,202401A,74,Referencial,B,211.0,319.0,267.0,210.0,659.0,196.0,8.0,256.0,943.0,16.0,218.0,330.0,276.0,217.0,682.0,203.0,9.0,265.0,809.0,14.0,3085.0,3023.0,4326.0,True,False,MG
8484,154352,259,MG,Eixo Principal,B,-,259BMG0150,ENTR BR-458 (P/ CONSELHEIRO PENA),ENTR BR-381(A) (SÃO VÍTOR),85.0,132.6,47.6,85.0,103.4,18.40000000000001,PAV,Governador Valadares,259BMG0150,Federal,Federal,PAV,Pavimentada,PAV,Pavimentada,202401A,74,Referencial,A,92.0,68.0,47.0,21.0,64.0,17.0,2.0,13.0,783.0,44.0,97.0,72.0,49.0,22.0,67.0,17.0,2.0,13.0,810.0,46.0,1151.0,1195.0,663.0,True,False,MG
7737,154423,262,MG,Eixo Principal,B,-,262BMG0685,ENTR MG-818 (P/FLORESTAL),ENTR BR-352 (PARÁ DE MINAS),372.2,396.0,23.8,372.2,396.0,23.80000000000001,DUP,Bom Despacho,262BMG0685,Concessão Federal,Federal,PAV,Duplicada,DUP,Duplicada Concessão/Convênio,202401A,74,Referencial,A,598.0,452.0,284.0,144.0,350.0,124.0,3.0,103.0,4295.0,183.0,593.0,449.0,282.0,142.0,347.0,123.0,3.0,102.0,4237.0,181.0,6536.0,6459.0,4099.0,True,False,MG
29654242,159882,265,MG,Eixo Principal,B,-,265BMG0255,ENTR MG-335,ACESSO RIBEIRÃO VERMELHO,356.9,364.2,7.3,356.9,364.2,7.300000000000011,DUP,Oliveira,265BMG0255,Federal,Federal,PAV,Duplicada,DUP,Duplicada,202401A,74,Referencial,A,374.0,319.0,261.0,160.0,227.0,76.0,17.0,32.0,4086.0,116.0,374.0,319.0,261.0,160.0,227.0,76.0,17.0,32.0,4105.0,117.0,5668.0,5688.0,2932.0,True,False,MG
5422,154570,267,MG,Eixo Principal,B,-,267BMG0210,ENTR BR-354(A)/383(A) (P/ CRUZÍLIA),ACESSO BAEPENDI,291.1,297.2,6.1,291.1,297.2,6.099999999999966,PAV,Caxambu,267BMG0210;354BMG0470;383BMG0190,Federal,Federal,PAV,Pavimentada,PAV,Pavimentada,202401A,74,Referencial,A,235.0,129.0,65.0,35.0,67.0,17.0,1.0,6.0,1563.0,100.0,232.0,127.0,64.0,35.0,66.0,17.0,1.0,5.0,1413.0,91.0,2218.0,2051.0,1102.0,True,False,MG
8252,155578,352,MG,Eixo Principal,B,-,352BMG0220,ACESSO CARMO DO PARANAIBA,ENTR MG-230,228.6,240.5,11.9,228.6,240.5,11.900000000000006,PAV,Patos de Minas,352BMG0220;354BMG0140,Federal,Federal,PAV,Pavimentada,PAV,Pavimentada,202401A,74,Referencial,A,213.0,124.0,59.0,26.0,57.0,22.0,1.0,23.0,1446.0,47.0,235.0,137.0,65.0,29.0,63.0,24.0,1.0,26.0,1357.0,45.0,2018.0,1982.0,1105.0,True,False,MG
6569,155617,354,MG,Eixo Principal,B,-,354BMG0390,ENTR BR-369(B) (CAMPO BELO),ENTR BR-381 (PERDÕES),560.4,592.3,31.9,560.4,578.4,18.0,PAV,Oliveira,354BMG0390,Federal,Federal,PAV,Pavimentada,PAV,Pavimentada,202401A,74,Referencial,A,178.0,134.0,108.0,41.0,158.0,54.0,1.0,52.0,940.0,63.0,185.0,138.0,112.0,43.0,164.0,56.0,1.0,54.0,1081.0,72.0,1729.0,1906.0,1479.0,True,False,MG
7477,162446,356,MG,Eixo Principal,B,-,356BMG0050,ENTR BR-040(B),ENTR MG-030 (ITABIRITO),28.0,50.6,22.6,28.0,50.6,22.6,PAV,Contagem,356BMG0050,Federal,Federal,PAV,Pavimentada,PAV,Pavimentada,202401A,74,Referencial,A,666.0,219.0,327.0,87.0,379.0,8.0,0.0,4.0,4631.0,158.0,722.0,237.0,354.0,94.0,410.0,9.0,0.0,5.0,4814.0,164.0,6479.0,6809.0,3521.0,True,False,MG
8457,155927,365,MG,Eixo Principal,B,-,365BMG0315,ENTR CONTORNO NORTE DE UBERLÂNDIA (II),ENTR BR-452(B),628.3,655.8,27.5,628.3,655.8,27.5,DUP,Uberlândia,365BMG0315;452BMG0150,Concessão Federal,Federal,PAV,Duplicada,DUP,Duplicada Concessão/Convênio,202401A,74,Referencial,A,396.0,383.0,311.0,239.0,581.0,224.0,8.0,449.0,4454.0,85.0,381.0,369.0,299.0,230.0,559.0,216.0,8.0,432.0,4156.0,80.0,7130.0,6730.0,5085.0,True,False,MG
10044,155944,367,MG,Eixo Principal,B,-,367BMG0110,ENTR MG-105 (JEQUITINHONHA),ENTR BR-116 (P/ ITAOBIM),154.2,219.0,64.8,154.2,219.0,64.80000000000001,PAV,Teófilo Otoni,367BMG0110,Federal,Federal,PAV,Pavimentada,PAV,Pavimentada,202401A,74,Referencial,A,24.0,40.0,44.0,40.0,73.0,12.0,1.0,18.0,577.0,19.0,24.0,41.0,45.0,41.0,74.0,12.0,1.0,18.0,777.0,25.0,848.0,1058.0,508.0,True,False,MG
7621,156265,381,MG,Eixo Principal,B,-,381BMG0490,ENTR BR-262/381 (FIM CONTORNO BETIM),AV.SILVA COUTO (IGARAPÉ),491.9,506.3,14.4,491.9,502.8,10.900000000000034,DUP,Oliveira,381BMG0490,Concessão Federal,Federal,PAV,Duplicada,DUP,Duplicada Concessão/Convênio,202401A,74,Referencial,A,1939.0,1084.0,1115.0,597.0,1155.0,89.0,10.0,112.0,15904.0,1729.0,2057.0,1150.0,1183.0,633.0,1225.0,94.0,10.0,118.0,15119.0,1644.0,23734.0,23233.0,12571.0,True,False,MG
7895,157307,474,MG,Eixo Principal,B,-,474BMG0047,SÃO JOÃO DO JACUTINGA,ENTR R SANTOS DUMOND (PIEDADE DE CARATINGA),130.2,152.5,22.3,130.2,152.5,22.30000000000001,PAV,Caratinga,474BMG0047,Federal,Federal,PAV,Pavimentada,PAV,Pavimentada,202401A,74,Referencial,A,116.0,32.0,2.0,2.0,3.0,0.0,0.0,0.0,1173.0,424.0,129.0,36.0,3.0,3.0,3.0,0.0,0.0,0.0,1186.0,429.0,1752.0,1789.0,329.0,True,False,MG
5375,162217,494,MG,Eixo Principal,B,-,494BMG0060,ENTR MG-260(B) (P/CLÁUDIO),ENTR BR-369 (OLIVEIRA),71.5,99.6,28.1,71.5,99.6,28.099999999999994,PAV,Bom Despacho,494BMG0060,Federal,Federal,PAV,Pavimentada,PAV,Pavimentada,202401A,74,Referencial,A,144.0,180.0,160.0,108.0,145.0,27.0,3.0,13.0,1675.0,49.0,143.0,179.0,159.0,108.0,144.0,26.0,3.0,13.0,1994.0,58.0,2504.0,2827.0,1555.0,True,False,MG
7703,151560,60,MS,Eixo Principal,B,-,060BMS0450,ENTR MS-441(B) (P/BANDEIRANTES),ENTR MS-244(A) (P/BONFIM),268.4,287.8,19.4,268.4,287.8,19.40000000000004,PAV,Coxim,060BMS0450;163BMS0430,Concessão Federal,Federal,PAV,Pavimentada,PAV,Pavimentada Concessão/Convênio,202401A,74,Referencial,A,339.0,263.0,203.0,124.0,375.0,174.0,3.0,274.0,1962.0,32.0,318.0,247.0,191.0,117.0,352.0,163.0,3.0,257.0,2018.0,33.0,3749.0,3699.0,3403.0,True,False,MS
6917,153253,163,MS,Eixo Principal,B,-,163BMS0390,PONTE S/ RIO ANHANDUÍ,ENTR BR-262(A) (CAMPO GRANDE),419.6,466.3,46.7,419.6,466.3,46.69999999999999,PAV,Campo Grande,163BMS0390,Concessão Federal,Federal,PAV,Pavimentada,PAV,Pavimentada Concessão/Convênio,202401A,74,Referencial,A,411.0,253.0,194.0,106.0,343.0,149.0,5.0,203.0,2811.0,112.0,422.0,260.0,199.0,109.0,352.0,153.0,5.0,209.0,2712.0,108.0,4587.0,4529.0,3373.0,True,False,MS
29654771,162156,262,MS,Eixo Principal,B,-,262BMS1295,ENTR CONTORNO ROD. TRÊS LAGOAS,ENTR MS-459 (P/ARAPUÁ),17.72,49.4,31.68,17.7,49.3,31.6,PAV,Três Lagoas,262BMS1295,Federal,Federal,PAV,Pavimentada,PAV,Pavimentada,202401A,74,Referencial,A,241.0,108.0,66.0,48.0,164.0,30.0,5.0,136.0,744.0,16.0,214.0,96.0,59.0,43.0,145.0,26.0,5.0,120.0,761.0,16.0,1558.0,1485.0,1506.0,True,False,MS
5653,154620,267,MS,Eixo Principal,B,-,267BMS0890,FIM PISTA DUPLA (BATAGUASSU),ENTR MS-134 (CASA VERDE),30.2,123.8,93.6,30.2,123.8,93.6,PAV,Três Lagoas,267BMS0890,Federal,Federal,PAV,Pavimentada,PAV,Pavimentada,202401A,74,Referencial,A,106.0,111.0,91.0,49.0,160.0,47.0,2.0,95.0,638.0,17.0,113.0,119.0,98.0,53.0,171.0,50.0,2.0,102.0,637.0,17.0,1316.0,1362.0,1369.0,True,False,MS
4971,156123,376,MS,Eixo Principal,B,-,376BMS0012,ENTR MS-274 (P/INDÁPOLIS),FIM DA PONTE S/ RIO DOURADOS (FÁTIMA DO SUL),4.3,26.5,22.2,4.3,26.5,22.2,PAV,Dourados,376BMS0012,Federal,Federal,PAV,Pavimentada,PAV,Pavimentada,202401A,74,Referencial,A,208.0,82.0,82.0,20.0,45.0,22.0,0.0,16.0,1717.0,68.0,202.0,79.0,80.0,20.0,43.0,21.0,0.0,15.0,1870.0,74.0,2260.0,2404.0,935.0,True,False,MS
10971,151642,70,MT,Eixo Principal,B,-,070BMT0435,FIM VARIANTE II SERRA DE SÃO VICENTE,ACESSO DISTRITO INDUSTRIAL,461.3,500.6,39.3,461.3,497.9,36.599999999999966,DUP,Cuiabá,070BMT0435;163BMT0680;364BMT0765,Concessão Federal,Federal,PAV,Duplicada,DUP,Duplicada Concessão/Convênio,202401A,74,Referencial,A,267.0,313.0,300.0,229.0,873.0,288.0,5.0,857.0,2213.0,74.0,361.0,423.0,406.0,309.0,1179.0,389.0,7.0,1158.0,2950.0,98.0,5419.0,7280.0,7364.0,True,False,MT
11602,153042,158,MT,Eixo Principal,B,-,158BMT0272,FIM DA PONTE S/RIO PINDAÍBA,FIM DA PONTE S/CÓRREGO MATRINXÃ (VALE DO SONHO),697.0,738.5,41.5,697.0,738.5,41.5,PAV,Água Boa,158BMT0272,Federal,Federal,PAV,Pavimentada,PAV,Pavimentada,202401A,74,Referencial,A,107.0,89.0,51.0,50.0,132.0,60.0,2.0,214.0,509.0,16.0,99.0,83.0,47.0,47.0,122.0,55.0,2.0,198.0,493.0,15.0,1230.0,1161.0,1358.0,True,False,MT
9994,153279,163,MT,Eixo Principal,B,-,163BMT0580,ENTR MT-471,FIM DA DUPLICAÇÃO,102.9,118.5,15.6,102.9,118.5,15.599999999999994,DUP,Rondonópolis,163BMT0580,Concessão Federal,Federal,PAV,Duplicada,DUP,Duplicada Concessão/Convênio,202401A,74,Referencial,A,376.0,235.0,260.0,213.0,679.0,265.0,9.0,731.0,1750.0,320.0,431.0,270.0,299.0,245.0,779.0,304.0,10.0,839.0,1987.0,363.0,4838.0,5527.0,5945.0,True,False,MT
10740,153408,174,MT,Eixo Principal,B,-,174BMT0032,ENTR MT-170 (CARAMÚJO),ENTR MT-175(A),113.6,132.9,19.3,113.6,132.9,19.30000000000001,PAV,Cáceres,174BMT0032,Federal,Federal,PAV,Pavimentada,PAV,Pavimentada,202401A,74,Referencial,A,171.0,121.0,74.0,51.0,185.0,27.0,1.0,76.0,1003.0,31.0,168.0,120.0,73.0,50.0,181.0,26.0,1.0,74.0,767.0,24.0,1740.0,1484.0,1399.0,True,False,MT
9995,155764,364,MT,Eixo Principal,B,-,364BMT0645,ENTR MT-459 (PEDRA PRETA),ENTR BR-163(A),176.8,201.0,24.2,176.8,201.0,24.19999999999999,PAV,Rondonópolis,364BMT0645,Federal,Federal,PAV,Pavimentada,PAV,Pavimentada,202401A,74,Referencial,B,242.0,156.0,110.0,82.0,237.0,67.0,9.0,163.0,1595.0,122.0,345.0,222.0,158.0,117.0,339.0,96.0,13.0,233.0,1480.0,113.0,2783.0,3116.0,2589.0,True,False,MT
19090,151199,10,PA,Eixo Principal,B,-,010BPA0710,ENTR BR-316(A)/308(A),ENTR PA-424 (P/COLÔNIA DO PRATA),355.0,362.2,7.2,355.0,362.2,7.199999999999989,PAV,Capanema,010BPA0710;308BPA0140;316BPA0140,Federal,Federal,PAV,Pavimentada,PAV,Pavimentada,202401A,74,Referencial,A,526.0,275.0,172.0,158.0,200.0,61.0,7.0,62.0,2716.0,174.0,534.0,279.0,174.0,160.0,203.0,62.0,7.0,63.0,2388.0,153.0,4351.0,4023.0,2943.0,True,False,PA
17681,152973,155,PA,Eixo Principal,B,-,155BPA0200,ENTR PA-275 (ELDORADO DOS CARAJÁS),ENTR BR-222 (MARABÁ),250.7,344.4,93.7,250.7,344.4,93.7,PAV,Redenção,155BPA0200,Federal,Federal,PAV,Pavimentada,PAV,Pavimentada,202401A,74,Referencial,A,169.0,119.0,61.0,57.0,133.0,44.0,4.0,135.0,939.0,178.0,223.0,157.0,80.0,75.0,176.0,58.0,5.0,177.0,1068.0,203.0,1839.0,2222.0,1673.0,True,False,PA
15584,153009,158,PA,Eixo Principal,B,-,158BPA0110,ENTR BR-155 (P/REDENÇÃO),ENTR PA-287 (P/CUMARU DO NORTE),590.5,606.9,16.4,590.5,606.9,16.399999999999977,PAV,Redenção,158BPA0110,Federal,Federal,PAV,Pavimentada,PAV,Pavimentada,202401A,74,Referencial,B,222.0,117.0,32.0,54.0,151.0,64.0,16.0,216.0,618.0,196.0,274.0,145.0,39.0,66.0,187.0,79.0,20.0,267.0,657.0,209.0,1686.0,1943.0,1949.0,True,False,PA
18133,153366,163,PA,Eixo Principal,B,-,163BPA1080,TRAIRÃO,RIO ITAPACURÁ (DIV TRAIRÃO/ITAITUBA),625.4,643.4,18.0,625.4,643.4,18.0,PAV,Itaituba,163BPA1080,Concessão Federal,Federal,PAV,Pavimentada,PAV,Pavimentada Concessão/Convênio,202401A,74,Referencial,A,48.0,60.0,85.0,114.0,358.0,79.0,3.0,541.0,304.0,46.0,46.0,58.0,82.0,110.0,345.0,76.0,3.0,522.0,301.0,46.0,1638.0,1589.0,2530.0,True,False,PA
18229,153710,222,PA,Eixo Principal,B,-,222BPA0712,ENTR BR-010(B)/PA-332(A) (DOM ELISEU),RONDON DO PARÁ,18.0,102.9,84.9,18.0,102.9,84.9,PAV,,222BPA0712,Federal,Federal,PAV,Pavimentada,PAV,Pavimentada,202401A,74,Referencial,A,157.0,71.0,28.0,24.0,53.0,17.0,1.0,40.0,572.0,245.0,142.0,65.0,25.0,22.0,48.0,15.0,1.0,37.0,542.0,232.0,1208.0,1129.0,746.0,True,False,PA
18228,153958,230,PA,Eixo Principal,B,-,230BPA1640,ENTR BR-163(B) (CAMPO VERDE),INÍCIO TRAVESSIA R. TAPAJÓS (MIRITITUBA),1111.5,1144.5,33.0,1111.5,1144.5,33.0,PAV,Itaituba,230BPA1640,Concessão Federal,Federal,PAV,Pavimentada,PAV,Pavimentada Concessão/Convênio,202401A,74,Referencial,A,88.0,75.0,8.0,66.0,80.0,54.0,16.0,77.0,761.0,116.0,93.0,79.0,8.0,70.0,85.0,57.0,17.0,81.0,566.0,86.0,1341.0,1142.0,954.0,True,False,PA
18999,155137,316,PA,Eixo Principal,B,-,316BPA0220,ENTR PA-108/253 (P/CAPITÃO POÇO),ENTR PA-102 (P/VISEU),225.2,257.9,32.7,225.2,257.9,32.69999999999999,PAV,Capanema,316BPA0220,Federal,Federal,PAV,Pavimentada,PAV,Pavimentada,202401A,74,Referencial,A,72.0,68.0,52.0,35.0,71.0,7.0,0.0,15.0,440.0,145.0,76.0,72.0,55.0,37.0,75.0,8.0,0.0,15.0,387.0,128.0,905.0,853.0,658.0,True,False,PA
29654349,156742,422,PA,Eixo Principal,B,-,422BPA0018,FIM DA PONTE (ACESSO A BREU BRANCO),ACESSO AEROPORTO (TUCURUÍ),63.7,72.0,8.3,63.7,72.0,8.299999999999997,PAV,Marabá,422BPA0018,Federal,Federal,PAV,Pavimentada,PAV,Pavimentada,202401A,74,Referencial,A,80.0,51.0,18.0,8.0,4.0,2.0,0.0,4.0,791.0,235.0,100.0,64.0,22.0,10.0,5.0,3.0,0.0,5.0,829.0,246.0,1193.0,1284.0,376.0,True,False,PA
16277,151726,101,PB,Eixo Principal,B,-,101BPB0335,ENTR PB-018 (P/CONDE),ENTR PB-034,99.4,110.2,10.8,99.4,110.2,10.799999999999995,DUP,João Pessoa,101BPB0335,Federal,Federal,PAV,Duplicada,DUP,Duplicada,202401A,74,Referencial,A,952.0,561.0,323.0,240.0,248.0,75.0,6.0,56.0,7154.0,537.0,1019.0,601.0,346.0,257.0,265.0,81.0,6.0,60.0,6948.0,521.0,10152.0,10104.0,5096.0,True,False,PB
16264,152083,104,PB,Eixo Principal,B,-,104BPB0300,ENTR BR-230(B),ENTR PB-148 (QUEIMADAS),130.4,140.0,9.6,130.4,140.0,9.599999999999994,PAV,Campina Grande,104BPB0300,Federal,Federal,PAV,Pavimentada,PAV,Pavimentada,202401A,74,Referencial,A,682.0,170.0,48.0,28.0,33.0,7.0,1.0,6.0,4423.0,1360.0,670.0,167.0,47.0,27.0,32.0,6.0,1.0,5.0,3838.0,1181.0,6758.0,5974.0,1930.0,True,False,PB
16727,152130,110,PB,Eixo Principal,B,-,110BPB0190,DIV RN/PB,ENTR PB-275,49.9,66.4,16.5,49.9,66.4,16.500000000000007,PAV,Patos,110BPB0190,Federal,Federal,PAV,Pavimentada,PAV,Pavimentada,202401A,74,Referencial,A,43.0,11.0,2.0,4.0,4.0,1.0,0.0,1.0,253.0,74.0,38.0,10.0,2.0,3.0,3.0,1.0,0.0,1.0,232.0,68.0,393.0,358.0,124.0,True,False,PB
16396,153814,230,PB,Eixo Principal,B,-,230BPB0090,ACESSO SANTA RITA,ENTR PB-016,42.0,48.6,6.6,42.0,48.6,6.600000000000001,DUP,João Pessoa,230BPB0090,Federal,Federal,PAV,Duplicada,DUP,Duplicada,202401A,74,Referencial,A,1636.0,291.0,56.0,86.0,75.0,28.0,4.0,25.0,8590.0,174.0,1722.0,307.0,59.0,91.0,79.0,30.0,5.0,26.0,8055.0,163.0,10965.0,10537.0,4520.0,True,False,PB
29653515,162048,361,PB,Eixo Principal,B,-,361BPB0014,FIM DUPLICAÇÃO TRAVESSIA URBANA (PATOS),ENTR PB-312 (P/EMAS),3.5,54.4,50.9,3.5,22.5,19.0,PAV,Patos,361BPB0014,Federal,Federal,PAV,Pavimentada,PAV,Pavimentada,202401A,74,Referencial,A,156.0,72.0,8.0,2.0,3.0,1.0,0.0,1.0,959.0,289.0,147.0,68.0,8.0,2.0,2.0,1.0,0.0,1.0,966.0,291.0,1491.0,1486.0,472.0,True,False,PB
16148,156626,412,PB,Eixo Principal,B,-,412BPB0050,ENTR PB-148/216 (SÃO JOÃO DO CARIRI),RIACHO DO CABOCLO,58.1,67.9,9.8,58.1,67.9,9.800000000000004,PAV,Campina Grande,412BPB0050,Federal,Federal,PAV,Pavimentada,PAV,Pavimentada,202401A,74,Referencial,A,113.0,57.0,22.0,11.0,24.0,9.0,1.0,13.0,583.0,36.0,115.0,59.0,23.0,12.0,25.0,9.0,1.0,14.0,626.0,39.0,869.0,923.0,508.0,True,False,PB
16755,156816,427,PB,Eixo Principal,B,-,427BPB0210,DIV RN/PB,ENTR PB-293(A),0.0,7.4,7.4,0.0,7.4,7.4,PAV,Patos,427BPB0210,Federal,Federal,PAV,Pavimentada,PAV,Pavimentada,202401A,74,Referencial,A,88.0,22.0,5.0,8.0,8.0,2.0,1.0,2.0,258.0,76.0,95.0,24.0,5.0,9.0,8.0,3.0,1.0,2.0,232.0,68.0,470.0,447.0,283.0,True,False,PB
15386,151748,101,PE,Eixo Principal,B,-,101BPE0510,ENTR PE-063 (P/AMARAJI),ENTR PE-085 (INÍCIO TRAVESSIA URBANA RIBEIRÃO),135.8,148.8,13.0,135.8,148.8,13.0,DUP,Recife,101BPE0510,Federal,Federal,PAV,Duplicada,DUP,Duplicada,202401A,74,Referencial,A,565.0,328.0,226.0,204.0,252.0,45.0,5.0,63.0,2934.0,237.0,586.0,340.0,235.0,212.0,261.0,47.0,6.0,65.0,2830.0,229.0,4859.0,4811.0,3440.0,True,False,PE
15780,152088,104,PE,Eixo Principal,B,-,104BPE0330,DIV PB/PE,ENTR PE-130 (P/TAQUARITINGA),0.0,12.0,12.0,0.0,12.0,12.0,PAV,Caruaru,104BPE0330,Federal,Federal,PAV,Pavimentada,PAV,Pavimentada,202401A,74,Referencial,A,157.0,126.0,16.0,37.0,33.0,13.0,3.0,1.0,1274.0,200.0,149.0,120.0,16.0,35.0,31.0,13.0,2.0,1.0,1162.0,182.0,1860.0,1711.0,753.0,True,False,PE
11907,152226,116,PE,Eixo Principal,B,-,116BPE0450,ENTR BR-232/361 (SALGUEIRO),ENTR PE-460,25.7,43.5,17.8,25.7,43.5,17.8,PAV,Salgueiro,116BPE0450,Federal,Federal,PAV,Pavimentada,PAV,Pavimentada,202401A,74,Referencial,A,268.0,225.0,142.0,106.0,230.0,36.0,4.0,64.0,691.0,89.0,234.0,196.0,124.0,93.0,201.0,31.0,3.0,56.0,664.0,85.0,1855.0,1687.0,2013.0,True,False,PE
15075,152541,122,PE,Eixo Principal,B,-,122BPE0360,ENTR BR-428(A) (LAGOA GRANDE),ENTR BR-235(A)/407(A) (PETROLINA),253.8,307.4,53.6,253.8,307.4,53.599999999999966,PAV,Petrolina,122BPE0360;428BPE0060,Federal,Federal,PAV,Pavimentada,PAV,Pavimentada,202401A,74,Referencial,A,506.0,200.0,92.0,45.0,96.0,25.0,2.0,46.0,1606.0,163.0,469.0,185.0,85.0,42.0,90.0,23.0,2.0,43.0,1568.0,159.0,2781.0,2666.0,1951.0,True,False,PE
15534,154046,232,PE,Eixo Principal,B,-,232BPE0030,ENTR PE-007 (P/MORENO),ENTR PE-050/TRAV. URBANA VITÓRIA DE STO ANTÃO,26.9,42.9,16.0,26.9,42.9,16.0,DUP,Recife,232BPE0030,Convênio Adm.Federal/Estadual,Federal,PAV,Duplicada,DUP,Duplicada Concessão/Convênio,202401A,74,Referencial,A,1698.0,618.0,258.0,188.0,235.0,43.0,7.0,53.0,11199.0,1177.0,1691.0,615.0,257.0,187.0,233.0,43.0,6.0,52.0,11256.0,1182.0,15476.0,15522.0,6184.0,True,False,PE
15940,155186,316,PE,Eixo Principal,B,-,316BPE0610,ENTR R. COELHO RODRIGUES (ARARIPINA),ENTR PE-630 (TRINDADE),24.0,58.7,34.7,24.0,58.7,34.7,PAV,Salgueiro,316BPE0610,Federal,Federal,PAV,Pavimentada,PAV,Pavimentada,202401A,74,Referencial,A,262.0,175.0,96.0,58.0,118.0,31.0,2.0,68.0,1527.0,412.0,260.0,173.0,95.0,58.0,117.0,31.0,2.0,67.0,1490.0,402.0,2749.0,2695.0,1613.0,True,False,PE
15659,156614,408,PE,Eixo Principal,B,-,408BPE0220,ENTR PE-040 (PAUDALHO),ENTR PE-005 (BICOPEBA),69.2,78.7,9.5,69.2,78.7,9.5,DUP,Recife,408BPE0220,Federal,Federal,PAV,Duplicada,DUP,Duplicada,202401A,74,Referencial,A,1109.0,353.0,69.0,39.0,37.0,15.0,2.0,21.0,7444.0,1614.0,1090.0,347.0,67.0,38.0,37.0,14.0,2.0,21.0,7389.0,1602.0,10703.0,10607.0,3261.0,True,False,PE
15434,156749,423,PE,Eixo Principal,B,-,423BPE0030,ENTR BR-232(B) (SÃO CAETANO),CACHOEIRINHA,18.2,39.2,21.0,18.2,39.2,21.000000000000004,PAV,Caruaru,423BPE0030,Federal,Federal,PAV,Pavimentada,PAV,Pavimentada,202401A,74,Referencial,A,517.0,212.0,104.0,75.0,128.0,13.0,1.0,20.0,2284.0,177.0,553.0,226.0,111.0,81.0,136.0,14.0,2.0,21.0,2072.0,160.0,3531.0,3376.0,2214.0,True,False,PE
16852,151271,20,PI,Eixo Principal,B,-,020BPI0495,ENTR PI-228 (P/FRANCISCO SANTOS),DIV PI/CE,343.6,413.0,69.4,343.6,413.0,69.39999999999998,PAV,Picos,020BPI0495,Federal,Federal,PAV,Pavimentada,PAV,Pavimentada,202401A,74,Referencial,A,139.0,22.0,6.0,24.0,19.0,10.0,2.0,31.0,269.0,38.0,98.0,15.0,5.0,17.0,13.0,7.0,2.0,22.0,369.0,52.0,560.0,600.0,432.0,True,False,PI
14539,152637,135,PI,Eixo Principal,B,-,135BPI0495,ENTR PI-260 (P/BARREIRAS DO PIAUÍ),ENTR PI-255 (CORRENTE),535.1,590.3,55.2,535.1,590.3,55.19999999999993,PAV,Floriano,135BPI0495,Federal,Federal,PAV,Pavimentada,PAV,Pavimentada,202401A,74,Referencial,A,85.0,65.0,34.0,21.0,57.0,15.0,1.0,35.0,416.0,25.0,94.0,73.0,38.0,24.0,63.0,16.0,1.0,39.0,373.0,22.0,754.0,743.0,661.0,True,False,PI
17893,153781,226,PI,Eixo Principal,B,-,226BPI0765,ENTR BR-343(A)/PI-352 (ALTOS),INÍCIO DAS OBRAS DE DUPLICAÇÃO,227.7,255.5,27.8,230.5,255.5,25.0,PAV,Piripiri,226BPI0765;343BPI0170,Federal,Federal,PAV,Pavimentada,PAV,Pavimentada,202401A,74,Referencial,B,445.0,227.0,98.0,58.0,106.0,25.0,2.0,82.0,2865.0,286.0,433.0,221.0,95.0,56.0,104.0,25.0,1.0,80.0,3154.0,315.0,4194.0,4484.0,2058.0,True,False,PI
16482,153886,230,PI,Eixo Principal,B,-,230BPI0870,FIM PISTA DUPLA (OEIRAS),ENTR PI-217,197.9,253.8,55.9,197.9,253.8,55.900000000000006,PAV,Floriano,230BPI0870,Federal,Federal,PAV,Pavimentada,PAV,Pavimentada,202401A,74,Referencial,A,75.0,57.0,32.0,21.0,59.0,23.0,2.0,72.0,391.0,101.0,84.0,65.0,36.0,23.0,66.0,26.0,2.0,81.0,392.0,101.0,833.0,876.0,724.0,True,False,PI
29654479,155164,316,PI,Eixo Principal,B,-,316BPI0415,FIM DAS OBRAS DE DUPLICAÇÃO,ESTÁDIO MUNICIPAL (DEMERVAL LOBÃO),13.8,32.8,19.0,13.8,32.8,19.0,PAV,Teresina,316BPI0415;343BPI0216,Federal,Federal,PAV,Pavimentada,PAV,Pavimentada,202401A,74,Referencial,A,567.0,285.0,155.0,97.0,173.0,32.0,2.0,76.0,3174.0,550.0,536.0,269.0,146.0,92.0,164.0,30.0,2.0,72.0,3130.0,542.0,5111.0,4983.0,2698.0,True,False,PI
18218,155462,343,PI,Eixo Principal,B,-,343BPI0130,ENTR BR-404(B)/407(B),INÍCIO PISTA DUPLA (CAPITÃO CAMPOS),189.2,212.9,23.7,189.2,212.9,23.700000000000017,PAV,Piripiri,343BPI0130,Federal,Federal,PAV,Pavimentada,PAV,Pavimentada,202401A,74,Referencial,C,222.0,165.0,84.0,50.0,96.0,23.0,2.0,77.0,1578.0,159.0,216.0,160.0,82.0,48.0,93.0,23.0,1.0,75.0,1530.0,154.0,2456.0,2382.0,1417.0,True,False,PI
29654230,156554,407,PI,Eixo Principal,B,-,407BPI0173,ENTR BR-020,ENTR PI-229/243/461 (JAICÓS),439.1,468.7,29.6,439.1,468.7,29.59999999999997,PAV,Picos,407BPI0173,Federal,Federal,PAV,Pavimentada,PAV,Pavimentada,202401A,74,Referencial,A,134.0,71.0,51.0,28.0,51.0,5.0,1.0,6.0,485.0,68.0,162.0,86.0,61.0,34.0,62.0,6.0,1.0,7.0,480.0,67.0,900.0,966.0,766.0,True,False,PI
2010,152397,116,PR,Eixo Principal,B,-,116BPR2755,ENTR PR-415 (P/PIRAQUARA),ENTR BR-277(A),90.1,96.9,6.8,90.1,96.9,6.800000000000011,DUP,,116BPR2755,Concessão Federal,Federal,PAV,Duplicada,DUP,Duplicada Concessão/Convênio,202401A,74,Referencial,A,1361.0,1515.0,1482.0,1023.0,1811.0,189.0,22.0,296.0,11792.0,695.0,1355.0,1508.0,1476.0,1019.0,1804.0,188.0,22.0,295.0,10780.0,636.0,20186.0,19083.0,15366.0,True,False,PR
3252,152862,153,PR,Eixo Principal,B,-,153BPR1255,ENTR PR-439(B) (P/RIBEIRÃO DO PINHAL) (FIM PISTA DUPLA),ENTR PR-092(B) (P/JOAQUIM TÁVORA),43.9,52.5,8.6,43.9,52.5,8.600000000000001,PAV,Londrina,153BPR1255,Federal,Federal,PAV,Pavimentada,PAV,Pavimentada,202401A,74,Referencial,A,268.0,286.0,207.0,135.0,491.0,157.0,9.0,291.0,2508.0,84.0,289.0,308.0,223.0,145.0,530.0,169.0,10.0,314.0,2587.0,87.0,4436.0,4662.0,3832.0,True,False,PR
2288,153215,163,PR,Eixo Principal,B,-,163BPR0110,ENTR PR-182/317(B) (TOLEDO),ENTR PR-239 (QUATRO PONTES),241.7,276.8,35.1,241.7,276.8,35.10000000000002,DUP,Foz do Iguaçú,163BPR0110;467BPR0040,Federal,Federal,PAV,Duplicada,DUP,Duplicada,202401A,74,Referencial,A,328.0,308.0,320.0,110.0,351.0,232.0,2.0,169.0,3724.0,112.0,353.0,332.0,345.0,119.0,377.0,249.0,3.0,183.0,3613.0,108.0,5656.0,5682.0,3781.0,True,False,PR
2546,154699,272,PR,Eixo Principal,B,-,272BPR0565,ENTR PR-496 (P/TERRA ROXA),ENTR BR-163(A),551.7,566.4,14.7,551.7,566.4,14.699999999999932,PAV,Foz do Iguaçú,272BPR0565,Federal,Federal,PAV,Pavimentada,PAV,Pavimentada,202401A,74,Referencial,A,128.0,95.0,73.0,18.0,63.0,23.0,1.0,11.0,1920.0,50.0,122.0,91.0,70.0,18.0,61.0,23.0,0.0,10.0,1921.0,50.0,2382.0,2366.0,807.0,True,False,PR
2007,154717,277,PR,Eixo Principal,B,-,277BPR0075,ACESSO SANTA,ENTR BR-376(B)/PR-082 (SÃO LUIS PURUNÃ),140.5,147.5,7.0,140.5,147.5,7.0,DUP,,277BPR0075;376BPR0425,Federal,Federal,PAV,Duplicada,DUP,Duplicada,202401A,74,Referencial,A,1038.0,1164.0,989.0,527.0,1474.0,804.0,12.0,709.0,10407.0,206.0,1059.0,1188.0,1009.0,537.0,1503.0,820.0,13.0,723.0,10635.0,210.0,17330.0,17697.0,13569.0,True,False,PR
29654063,156010,369,PR,Eixo Principal,B,-,369BPR0590,ENTR PR-443 (JATAIZINHO),ENTR PR-862(A) (CONTORNO NORTE DE IBIPORÃ),130.1,133.6,3.5,130.1,133.6,3.5,DUP,Londrina,369BPR0590,Federal,Federal,PAV,Duplicada,DUP,Duplicada,202401A,74,Referencial,A,827.0,373.0,209.0,69.0,110.0,29.0,0.0,6.0,7936.0,652.0,967.0,437.0,245.0,80.0,129.0,33.0,1.0,7.0,7224.0,593.0,10211.0,9716.0,3522.0,True,False,PR
2193,156072,373,PR,Eixo Principal,B,-,373BPR0330,ENTR BR-376(B) (CAETANO),ENTR BR-487(B) (UVAIA),183.4,199.3,15.9,183.4,199.3,15.900000000000006,PAV,Ponta Grossa,373BPR0330;487BPR0330,Federal,Federal,PAV,Pavimentada,PAV,Pavimentada,202401A,74,Referencial,A,250.0,275.0,210.0,115.0,254.0,200.0,7.0,51.0,2217.0,35.0,174.0,191.0,146.0,80.0,176.0,139.0,5.0,36.0,2615.0,41.0,3614.0,3603.0,2309.0,True,False,PR
1953,156203,376,PR,Eixo Principal,B,-,376BPR0480,ENTR BR-116(B),ENTR PR-281 (P/TIJUCAS DO SUL),619.0,649.1,30.1,619.0,649.1,30.100000000000023,DUP,,376BPR0480,Concessão Federal,Federal,PAV,Duplicada,DUP,Duplicada Concessão/Convênio,202401A,74,Referencial,A,1331.0,1512.0,1458.0,991.0,1289.0,263.0,16.0,362.0,12219.0,338.0,1315.0,1493.0,1440.0,979.0,1273.0,260.0,16.0,357.0,12055.0,333.0,19779.0,19521.0,14355.0,True,False,PR
1859,157341,476,PR,Eixo Principal,B,-,476BPR0120,ENTR PR-281(A) (P/ANTÔNIO OLINTO),ENTR PR-151(A) (P/LAJEADO),257.7,273.8,16.1,257.7,273.8,16.100000000000023,PAV,,476BPR0120,Federal,Federal,PAV,Pavimentada,PAV,Pavimentada,202401A,74,Referencial,A,198.0,266.0,225.0,126.0,325.0,96.0,7.0,54.0,1774.0,54.0,206.0,277.0,234.0,131.0,339.0,100.0,7.0,57.0,1628.0,49.0,3125.0,3028.0,2648.0,True,False,PR
2756,157529,487,PR,Eixo Principal,B,-,487BPR0150,ENTR PR-323 (CRUZEIRO DO OESTE),ENTR PR-479 (TUNEIRAS DO OESTE),106.8,125.5,18.7,106.8,125.5,18.700000000000003,PAV,Campo Mourão,487BPR0150,Federal,Federal,PAV,Pavimentada,PAV,Pavimentada,202401A,74,Referencial,A,83.0,61.0,35.0,12.0,28.0,41.0,0.0,12.0,873.0,26.0,82.0,59.0,34.0,11.0,27.0,39.0,0.0,11.0,803.0,23.0,1171.0,1089.0,535.0,True,False,PR
4358,151417,40,RJ,Eixo Principal,B,-,040BRJ0930,FNM (ENTR PISTA INVERSA),ENTR BR-116(A)/493/RJ-109,102.1,108.8,6.7,102.1,108.8,6.700000000000003,DUP,Seropédica,040BRJ0930,Concessão Federal,Federal,PAV,Duplicada,DUP,Duplicada Concessão/Convênio,202401A,74,Referencial,A,2166.0,497.0,307.0,169.0,228.0,22.0,2.0,21.0,15864.0,1197.0,2173.0,499.0,308.0,170.0,229.0,22.0,2.0,21.0,15773.0,1190.0,20473.0,20387.0,6836.0,True,False,RJ
3927,151936,101,RJ,Eixo Principal,B,-,101BRJ3110,ACESSO PTE PRES COSTA E SILVA (NITERÓI),ENTR ACESSO A LINHA VERMELHA,322.1,333.7,11.6,322.1,333.7,11.599999999999966,DUP,Seropédica,101BRJ3110,Concessão Federal,Federal,PAV,Duplicada,DUP,Duplicada Concessão/Convênio,202401A,74,Referencial,A,4128.0,569.0,297.0,135.0,206.0,30.0,1.0,18.0,66105.0,6064.0,3671.0,506.0,264.0,120.0,183.0,27.0,1.0,16.0,64063.0,5877.0,77553.0,74728.0,10172.0,True,False,RJ
4589,152349,116,RJ,Eixo Principal,B,-,116BRJ2170,ENTR RJ-163 (P/PENEDO),ENTR BR-485 (ITATIAIA),316.9,324.2,7.3,316.9,324.2,7.300000000000011,DUP,Seropédica,116BRJ2170,Concessão Federal,Federal,PAV,Duplicada,DUP,Duplicada Concessão/Convênio,202401A,74,Referencial,A,1547.0,1173.0,1049.0,684.0,1059.0,108.0,5.0,132.0,11135.0,410.0,1675.0,1269.0,1135.0,740.0,1146.0,116.0,6.0,143.0,11259.0,414.0,17302.0,17903.0,11987.0,True,False,RJ
6285,155647,356,RJ,Eixo Principal,B,-,356BRJ0270,ENTR RJ-116 (COMENDADOR VENÂNCIO),ENTR RJ-220,9.8,26.1,16.3,9.8,26.1,16.3,PAV,Campos,356BRJ0270,Federal,Federal,PAV,Pavimentada,PAV,Pavimentada,202401A,74,Referencial,A,297.0,107.0,66.0,29.0,91.0,13.0,1.0,25.0,2059.0,240.0,301.0,108.0,67.0,30.0,93.0,14.0,1.0,26.0,2212.0,258.0,2928.0,3110.0,1269.0,True,False,RJ
4613,156416,393,RJ,Eixo Principal,B,-,393BRJ0530,ENTR RJ-145 (P/BARRA DO PIRAÍ),ENTR RJ-141 (P/DORÂNDIA),259.7,272.3,12.6,259.7,272.3,12.600000000000025,PAV,Seropédica,393BRJ0530,Concessão Federal,Federal,PAV,Pavimentada,PAV,Pavimentada Concessão/Convênio,202401A,74,Referencial,A,460.0,333.0,287.0,229.0,334.0,22.0,1.0,20.0,3033.0,130.0,466.0,337.0,290.0,231.0,337.0,22.0,1.0,21.0,3021.0,130.0,4849.0,4856.0,3391.0,True,False,RJ
4176,157631,493,RJ,Eixo Principal,B,-,493BRJ0155,ENTR BR-465,ENTR BR-101,98.6,120.7,22.1,98.6,120.7,22.10000000000001,DUP,Seropédica,493BRJ0155,Concessão Federal,Federal,PAV,Duplicada,DUP,Duplicada Concessão/Convênio,202401A,74,Referencial,A,503.0,192.0,162.0,115.0,221.0,20.0,1.0,14.0,4120.0,153.0,605.0,230.0,195.0,138.0,266.0,25.0,1.0,16.0,4339.0,162.0,5501.0,5977.0,2704.0,True,False,RJ
17325,151707,101,RN,Eixo Principal,B,-,101BRN0150,ENTR RN-313 (P/PIUM),ENTR RN-316 (P/MONTE ALEGRE),109.4,116.2,6.8,109.4,116.2,6.799999999999997,DUP,Macaíba,101BRN0150,Federal,Federal,PAV,Duplicada,DUP,Duplicada,202401A,74,Referencial,A,1305.0,422.0,195.0,145.0,156.0,41.0,5.0,31.0,11305.0,2065.0,1237.0,400.0,185.0,138.0,148.0,38.0,5.0,30.0,10885.0,1988.0,15670.0,15054.0,4481.0,True,False,RN
17980,158797,110,RN,Eixo Principal,B,-,110BRN0022,ENTR RN-011 (P/ SERRA DO MEL),ENTR RN-117 (AV LESTE - OESTE) *TRECHO URBANO*,10.5,46.6,36.1,10.5,46.6,36.1,PAV,Mossoró,110BRN0022,Federal,Federal,PAV,Pavimentada,PAV,Pavimentada,202401A,74,Referencial,A,131.0,47.0,26.0,16.0,23.0,6.0,0.0,5.0,1157.0,122.0,152.0,55.0,30.0,19.0,27.0,6.0,0.0,6.0,1226.0,130.0,1533.0,1651.0,549.0,True,False,RN
17341,153725,226,RN,Eixo Principal,B,-,226BRN0050,ENTR BR-304(B),ENTR RN-203 (P/ SÃO PEDRO),32.8,41.0,8.2,32.8,41.0,8.200000000000003,PAV,Macaíba,226BRN0050,Federal,Federal,PAV,Pavimentada,PAV,Pavimentada,202401A,74,Referencial,A,210.0,125.0,69.0,47.0,59.0,15.0,1.0,12.0,2712.0,197.0,205.0,122.0,67.0,46.0,58.0,14.0,1.0,11.0,2731.0,199.0,3447.0,3454.0,1062.0,True,False,RN
17373,155025,304,RN,Eixo Principal,B,-,304BRN0330,ENTR RN-064 (SANTA MARIA),ENTR BR-226(A),257.2,280.1,22.9,257.2,280.1,22.90000000000004,PAV,Macaíba,304BRN0330,Federal,Federal,PAV,Pavimentada,PAV,Pavimentada,202401A,74,Referencial,A,323.0,192.0,105.0,73.0,91.0,23.0,2.0,18.0,1963.0,143.0,376.0,223.0,123.0,84.0,106.0,26.0,3.0,21.0,1882.0,137.0,2933.0,2981.0,1789.0,True,False,RN
17406,158805,405,RN,Eixo Principal,B,-,405BRN0075,ACESSO A SEVERIANO MELO,ENTR RN-177(A) (P/ RODOLFO FERNANDES),101.7,107.0,5.3,101.7,107.0,5.299999999999997,PAV,Pau dos Ferros,405BRN0075,Federal,Federal,PAV,Pavimentada,PAV,Pavimentada,202401A,74,Referencial,A,96.0,42.0,10.0,5.0,11.0,3.0,1.0,1.0,578.0,178.0,134.0,59.0,13.0,6.0,15.0,5.0,2.0,1.0,635.0,196.0,925.0,1066.0,404.0,True,False,RN
17670,156524,406,RN,Eixo Principal,B,-,406BRN0040,ENTR RN-402 (P/GALINHOS),ENTR RN-263(A),46.4,97.2,50.8,62.1,97.2,35.1,PAV,Macaíba,406BRN0040,Federal,Federal,PAV,Pavimentada,PAV,Pavimentada,202401A,74,Referencial,A,127.0,44.0,33.0,13.0,27.0,13.0,1.0,9.0,766.0,88.0,147.0,50.0,39.0,15.0,30.0,14.0,1.0,10.0,755.0,87.0,1121.0,1148.0,573.0,True,False,RN
29654527,158836,427,RN,Eixo Principal,B,-,427BRN0150,ENTR BR-427(ACESSO OESTE CAICÓ),ENTR RN-288(D)(ROD. DEP. WILLY SALDANHA)(P/ JARDIM DE PIRANHAS),109.1,116.2,7.1,109.1,116.2,7.1000000000000085,PAV,Currais Novos,427BRN0150,Federal,Federal,PAV,Pavimentada,PAV,Pavimentada,202401A,74,Referencial,B,378.0,49.0,12.0,9.0,12.0,4.0,1.0,3.0,714.0,213.0,465.0,60.0,15.0,11.0,15.0,5.0,1.0,4.0,665.0,198.0,1395.0,1439.0,1044.0,True,False,RN
14095,162070,364,RO,Eixo Principal,B,-,364BRO1212,ENTR FIM ANEL DE JI-PARANÁ,ENTR RO-473 (P/URUPÁ),350.2,374.2,24.0,350.2,374.2,24.0,PAV,Ji-Paraná,364BRO1212,Federal,Federal,PAV,Pavimentada,PAV,Pavimentada,202401A,74,Referencial,A,294.0,215.0,122.0,94.0,299.0,73.0,3.0,307.0,2136.0,432.0,288.0,211.0,120.0,92.0,292.0,72.0,2.0,300.0,2078.0,420.0,3975.0,3875.0,2784.0,True,False,RO
19472,153554,174,RR,Eixo Principal,B,-,174BRR0935,RIO MUCAJAÍ,IGARAPÉ ÁGUA BOA,451.8,485.4,33.6,451.8,485.4,33.599999999999966,PAV,Boa Vista,174BRR0935,Federal,Federal,PAV,Pavimentada,PAV,Pavimentada,202401A,74,Referencial,A,104.0,41.0,33.0,32.0,45.0,20.0,2.0,33.0,911.0,119.0,116.0,46.0,37.0,35.0,50.0,23.0,2.0,36.0,930.0,121.0,1340.0,1396.0,655.0,True,False,RR
961,152038,101,RS,Eixo Principal,B,-,101BRS4370,ENTR RS-417 (TRÊS FORQUILHAS),ENTR RS-486 (TERRA DE AREIA),39.9,44.1,4.2,39.9,44.1,4.200000000000003,DUP,São Leopoldo,101BRS4370,Concessão Federal,Federal,PAV,Duplicada,DUP,Duplicada Concessão/Convênio,202401A,74,Referencial,A,565.0,661.0,547.0,368.0,708.0,100.0,25.0,133.0,6039.0,180.0,606.0,708.0,586.0,394.0,759.0,107.0,26.0,143.0,6590.0,197.0,9326.0,10116.0,6436.0,True,False,RS
953,152438,116,RS,Eixo Principal,B,-,116BRS3190,ENTR RS-240 (VILA SCHARLAU),ENTR BR-448(A)/RS-118 (SAPUCAIA DO SUL),242.9,254.1,11.2,242.9,254.1,11.199999999999989,DUP,São Leopoldo,116BRS3190,Federal,Federal,PAV,Duplicada,DUP,Duplicada,202401A,74,Referencial,A,1755.0,897.0,515.0,227.0,284.0,34.0,10.0,30.0,41551.0,1394.0,2365.0,1209.0,694.0,306.0,383.0,46.0,14.0,41.0,39104.0,1312.0,46697.0,45474.0,8810.0,True,False,RS
753,152917,153,RS,Eixo Principal,B,-,153BRS1710,ENTR BR-386(A)/RS-223 (P/CARAZINHO),ENTR ACESSO NORTE DE SOLEDADE,168.5,199.0,30.5,168.5,199.0,30.5,PAV,Passo Fundo,153BRS1710;386BRS0210,Concessão Federal,Federal,PAV,Pavimentada,PAV,Pavimentada Concessão/Convênio,202401A,74,Referencial,A,268.0,529.0,308.0,163.0,277.0,66.0,51.0,71.0,2811.0,48.0,246.0,486.0,283.0,150.0,254.0,61.0,46.0,65.0,2068.0,35.0,4592.0,3694.0,3324.0,True,False,RS
971,153156,158,RS,Eixo Principal,B,-,158BRS1150,ENTR BR-472 (P/PALMITINHO),ENTR RS-585/587 (SEBERI),42.2,51.5,9.3,42.2,51.5,9.299999999999995,PAV,Cruz Alta,158BRS1150;386BRS0110,Federal,Federal,PAV,Pavimentada,PAV,Pavimentada,202401A,74,Referencial,A,356.0,238.0,156.0,62.0,205.0,96.0,1.0,104.0,3134.0,113.0,354.0,237.0,155.0,62.0,204.0,96.0,1.0,103.0,3136.0,113.0,4465.0,4461.0,2430.0,True,False,RS
515,154897,285,RS,Eixo Principal,B,-,285BRS0330,ENTR RS-342(B) (P/CATUIPE),ENTR BR-392/RS-344 (P/SANTO ÂNGELO),467.0,498.3,31.3,467.0,498.3,31.30000000000001,PAV,Cruz Alta,285BRS0330,Federal,Federal,PAV,Pavimentada,PAV,Pavimentada,202401A,74,Referencial,A,289.0,245.0,214.0,121.0,255.0,51.0,1.0,24.0,2529.0,50.0,273.0,232.0,202.0,114.0,242.0,48.0,1.0,22.0,2353.0,46.0,3779.0,3533.0,2334.0,True,False,RS
228,154932,287,RS,Eixo Principal,B,-,287BRS0270,ENTR RS-524 (SÃO PEDRO DO SUL),ENTR RS-532 (P/MATA),281.2,314.8,33.6,281.2,314.8,33.60000000000002,PAV,Santa Maria,287BRS0270,Federal,Federal,PAV,Pavimentada,PAV,Pavimentada,202401A,74,Referencial,A,184.0,116.0,16.0,25.0,52.0,60.0,11.0,4.0,978.0,18.0,146.0,92.0,12.0,20.0,41.0,48.0,8.0,4.0,1263.0,24.0,1464.0,1658.0,839.0,True,False,RS
1036,154946,290,RS,Eixo Principal,B,-,290BRS0030,ENTR RS-474 (P/SANTO ANTÔNIO DA PATRULHA),ACESSO A GLORINHA,25.9,53.0,27.1,25.9,53.0,27.1,DUP,São Leopoldo,290BRS0030,Concessão Federal,Federal,PAV,Duplicada,DUP,Duplicada Concessão/Convênio,202401A,74,Referencial,A,850.0,719.0,589.0,373.0,738.0,117.0,8.0,146.0,12375.0,173.0,855.0,724.0,593.0,375.0,743.0,117.0,8.0,147.0,12940.0,181.0,16088.0,16683.0,7102.0,True,False,RS
24,154987,293,RS,Eixo Principal,B,-,293BRS0090,ENTR RS-265/608,ENTR BR-153,110.5,172.6,62.1,110.5,172.6,62.1,PAV,Pelotas,293BRS0090,Federal,Federal,PAV,Pavimentada,PAV,Pavimentada,202401A,74,Referencial,A,117.0,80.0,78.0,40.0,99.0,66.0,2.0,21.0,1154.0,21.0,112.0,77.0,75.0,38.0,95.0,63.0,1.0,20.0,1097.0,20.0,1678.0,1598.0,984.0,True,False,RS
29653739,156353,386,RS,Eixo Principal,B,-,386BRS0330,ENTR BR-470,ENTR BR-116(CONTORNO)/448 (CANOAS),400.9,440.4,39.5,420.1,435.7,15.599999999999966,DUP,São Leopoldo,386BRS0330,Concessão Federal,Federal,PAV,Duplicada,DUP,Duplicada Concessão/Convênio,202401A,74,Referencial,A,1289.0,769.0,611.0,281.0,610.0,91.0,5.0,61.0,9859.0,145.0,1268.0,757.0,601.0,276.0,601.0,89.0,4.0,60.0,9911.0,145.0,13721.0,13712.0,7373.0,True,False,RS
454,156358,392,RS,Eixo Principal,B,-,392BRS0070,ENTR BR-471(A) (QUINTA),ACESSO PELOTAS,26.9,62.2,35.3,26.9,62.2,35.300000000000004,DUP,Pelotas,392BRS0070;471BRS0190,Concessão Federal,Federal,PAV,Duplicada,DUP,Duplicada Concessão/Convênio,202401A,74,Referencial,A,381.0,446.0,396.0,244.0,575.0,360.0,31.0,219.0,3716.0,220.0,383.0,448.0,398.0,245.0,577.0,361.0,31.0,220.0,3757.0,223.0,6588.0,6643.0,5315.0,True,False,RS
654,157159,468,RS,Eixo Principal,B,-,468BRS0050,ENTR RS-330(B),ENTR RS-155,21.6,63.4,41.8,21.6,63.4,41.8,PAV,Cruz Alta,468BRS0050,Federal,Federal,PAV,Pavimentada,PAV,Pavimentada,202401A,74,Referencial,A,122.0,140.0,88.0,40.0,83.0,19.0,3.0,11.0,965.0,15.0,118.0,134.0,85.0,38.0,79.0,19.0,3.0,10.0,982.0,15.0,1486.0,1483.0,992.0,True,False,RS
29653553,157214,470,RS,Eixo Principal,B,-,470BRS0472,ENTR R. FIORAVANTE GOBATTO (BARÃO),ENTR AV. DUQUE DE CAXIAS (SÃO PEDRO DA SERRA),244.1,253.5,9.4,244.1,253.5,9.400000000000006,PAV,Passo Fundo,470BRS0472,Federal,Federal,PAV,Pavimentada,PAV,Pavimentada,202401A,74,Referencial,A,171.0,72.0,31.0,7.0,6.0,1.0,0.0,0.0,1433.0,49.0,177.0,74.0,33.0,7.0,7.0,1.0,0.0,0.0,1405.0,49.0,1770.0,1753.0,587.0,True,False,RS
948,157249,471,RS,Eixo Principal,B,-,471BRS0230,ENTR BR-473 (SARANDI),ACESSO P/ LAGOA MIRIM (CURRAL ALTO),482.7,573.8,91.1,482.7,573.8,91.09999999999997,PAV,Pelotas,471BRS0230,Federal,Federal,PAV,Pavimentada,PAV,Pavimentada,202401A,74,Referencial,A,78.0,61.0,63.0,37.0,78.0,27.0,0.0,8.0,751.0,20.0,64.0,50.0,52.0,30.0,64.0,22.0,0.0,7.0,777.0,21.0,1123.0,1087.0,641.0,True,False,RS
156,157276,472,RS,Eixo Principal,B,-,472BRS0210,ACESSO LESTE A  ITAQUI,INÍCIO DA PONTE S/RIO IBICUÍ,488.2,519.6,31.4,488.2,519.6,31.40000000000004,PAV,Uruguaiana,472BRS0210,Federal,Federal,PAV,Pavimentada,PAV,Pavimentada,202401A,74,Referencial,A,50.0,41.0,67.0,45.0,68.0,8.0,1.0,7.0,484.0,11.0,53.0,43.0,71.0,48.0,72.0,8.0,1.0,7.0,467.0,11.0,782.0,781.0,590.0,True,False,RS
1820,151993,101,SC,Eixo Principal,B,-,101BSC3830,ENTR SC-417 (GARUVA),ENTR SC-418 (PIRABEIRABA),6.2,27.2,21.0,6.2,27.2,21.0,DUP,Joinville,101BSC3830,Concessão Federal,Federal,PAV,Duplicada,DUP,Duplicada Concessão/Convênio,202401A,74,Referencial,A,1641.0,1753.0,1464.0,922.0,1783.0,352.0,30.0,469.0,12333.0,445.0,1562.0,1668.0,1393.0,878.0,1698.0,336.0,28.0,446.0,13521.0,488.0,21192.0,22018.0,16423.0,True,False,SC
1699,152411,116,SC,Eixo Principal,B,-,116BSC2891,ENTR BR-477(B) (P/MAJOR VIEIRA),ENTR SC-340 (P/TIMBÓ GRANDE),59.8,111.5,51.7,59.8,111.5,51.7,PAV,Mafra,116BSC2891,Concessão Federal,Federal,PAV,Pavimentada,PAV,Pavimentada Concessão/Convênio,202401A,74,Referencial,A,255.0,330.0,314.0,211.0,297.0,104.0,11.0,12.0,1401.0,34.0,276.0,358.0,341.0,229.0,321.0,112.0,12.0,13.0,1463.0,36.0,2969.0,3161.0,3196.0,True,False,SC
1520,152900,153,SC,Eixo Principal,B,-,153BSC1565,P/CAMPINA DA ALEGRIA,ENTR BR-282 (P/PONTE SERRADA),48.5,59.5,11.0,48.5,59.5,11.0,PAV,Joaçaba,153BSC1565,Federal,Federal,PAV,Pavimentada,PAV,Pavimentada,202401A,74,Referencial,A,217.0,301.0,259.0,162.0,430.0,98.0,12.0,52.0,927.0,12.0,210.0,291.0,250.0,157.0,417.0,95.0,11.0,51.0,939.0,13.0,2470.0,2434.0,3013.0,True,False,SC
1581,153146,158,SC,Eixo Principal,B,-,158BSC1085,ENTR BR-282(A) (MARAVILHA),ENTR BR-282(B),101.1,104.3,3.2,101.1,104.3,3.200000000000003,PAV,Chapecó,158BSC1085;282BSC0379,Federal,Federal,PAV,Pavimentada,PAV,Pavimentada,202401A,74,Referencial,A,430.0,328.0,250.0,74.0,259.0,101.0,1.0,108.0,3222.0,107.0,430.0,328.0,249.0,74.0,258.0,101.0,1.0,108.0,3212.0,106.0,4880.0,4867.0,3100.0,True,False,SC
1705,154766,280,SC,Eixo Principal,B,-,280BSC0015,ENTR SC-415(B) (P/BALNEÁRIO BARRAS DO SUL),ENTR R. CELESTINO E. DA MAIA (ARAQUARI),20.6,23.0,2.4,20.6,23.0,2.3999999999999986,PAV,Joinville,280BSC0015,Federal,Federal,PAV,Pavimentada,PAV,Pavimentada,202401A,74,Referencial,A,351.0,406.0,228.0,112.0,240.0,172.0,30.0,162.0,6717.0,354.0,357.0,413.0,232.0,114.0,244.0,175.0,30.0,165.0,7760.0,409.0,8772.0,9899.0,3431.0,True,False,SC
1536,154833,282,SC,Eixo Principal,B,-,282BSC0350,ENTR BR-480(A)/SC-480 (P/BOM JESUS),ENTR BR-480(B)/SC-157 (P/CHAPECÓ),503.8,532.5,28.7,503.8,518.4,14.599999999999966,PAV,Chapecó,282BSC0350;480BSC0110,Federal,Federal,PAV,Pavimentada,PAV,Pavimentada,202401A,74,Referencial,A,594.0,498.0,347.0,116.0,320.0,88.0,1.0,25.0,4302.0,141.0,643.0,538.0,375.0,126.0,346.0,96.0,1.0,27.0,5049.0,166.0,6432.0,7367.0,4141.0,True,False,SC
1320,154845,283,SC,Eixo Principal,B,-,283BSC0020,ENTR SC-284 (P/DISTRITO DE IBICUÍ),ENTR SC-135 (P/CELSO RAMOS),11.6,15.0,3.4,11.6,15.0,3.4000000000000004,PAV,Joaçaba,283BSC0020;470BSC0295,Federal,Federal,PAV,Pavimentada,PAV,Pavimentada,202401A,74,Referencial,A,171.0,183.0,134.0,75.0,163.0,41.0,1.0,32.0,1637.0,32.0,165.0,177.0,130.0,72.0,157.0,39.0,0.0,31.0,1623.0,31.0,2469.0,2425.0,1571.0,True,False,SC
1552,157173,470,SC,Eixo Principal,B,-,470BSC0050,ENTR SC-414 (P/LUIZ ALVES),ACESSO GASPAR,9.9,35.1,25.2,22.1,35.1,13.0,PAV,Rio do Sul,470BSC0050,Federal,Federal,PAV,Pavimentada,PAV,Pavimentada,202401A,74,Referencial,A,875.0,575.0,325.0,167.0,363.0,52.0,3.0,36.0,9521.0,206.0,904.0,594.0,335.0,173.0,375.0,54.0,3.0,38.0,10187.0,220.0,12123.0,12883.0,4872.0,True,False,SC
14073,151792,101,SE,Eixo Principal,B,-,101BSE1170,ENTR SE-245/429 (PEDRA BRANCA),ENTR SE-448 (P/LARANJEIRAS),77.6,81.5,3.9,77.6,81.5,3.9000000000000057,DUP,Aracaju,101BSE1170;349BSE0210,Federal,Federal,PAV,Duplicada,DUP,Duplicada,202401A,74,Referencial,A,1138.0,419.0,243.0,212.0,338.0,59.0,5.0,92.0,5628.0,551.0,1275.0,470.0,272.0,238.0,378.0,65.0,6.0,104.0,5242.0,513.0,8685.0,8563.0,5314.0,True,False,SE
14061,154081,235,SE,Eixo Principal,B,-,235BSE0050,ENTR BR-101(B),ENTR SE-160 (P/ LARANJEIRAS),8.3,26.3,18.0,8.3,26.3,18.0,PAV,Aracaju,235BSE0050,Federal,Federal,PAV,Pavimentada,PAV,Pavimentada,202401A,74,Referencial,A,582.0,285.0,53.0,26.0,42.0,6.0,1.0,9.0,3100.0,171.0,602.0,294.0,54.0,27.0,43.0,7.0,1.0,9.0,3325.0,184.0,4275.0,4546.0,2041.0,True,False,SE
3613,152367,116,SP,Eixo Principal,B,-,116BSP2410,ENTR SP-070 (P/CAÇAPAVA VELHA),ENTR SP-103 (CAÇAPAVA),117.4,128.1,10.7,117.4,128.1,10.699999999999989,DUP,Taubaté,116BSP2410,Concessão Federal,Federal,PAV,Duplicada,DUP,Duplicada Concessão/Convênio,202401A,74,Referencial,A,2646.0,1528.0,1106.0,706.0,1060.0,105.0,5.0,124.0,17336.0,783.0,2726.0,1574.0,1139.0,727.0,1092.0,108.0,6.0,127.0,17677.0,798.0,25399.0,25974.0,14779.0,True,False,SP
6563,152835,153,SP,Eixo Principal,B,-,153BSP1010,ENTR SP-355 (BADY BASSITT),ENTR SP-425 (P/ASSIS),75.6,99.8,24.2,75.6,99.8,24.200000000000003,PAV,Presidente Epitácio,153BSP1010,Concessão Federal,Federal,PAV,Pavimentada,PAV,Pavimentada Concessão/Convênio,202401A,74,Referencial,A,398.0,350.0,231.0,144.0,285.0,90.0,5.0,168.0,3281.0,86.0,424.0,373.0,246.0,154.0,304.0,96.0,5.0,179.0,3201.0,84.0,5038.0,5066.0,3452.0,True,False,SP
29653403,156284,381,SP,Eixo Principal,B,-,381BSP0810,DIV MG/SP,ENTR SP-063 (P/BRAGANÇA PAULISTA),0.0,19.2,19.2,4.7,10.1,5.4,DUP,Taubaté,381BSP0810,Concessão Federal,Federal,PAV,Duplicada,DUP,Duplicada Concessão/Convênio,202401A,74,Referencial,A,1583.0,1406.0,1308.0,847.0,916.0,186.0,6.0,147.0,11958.0,337.0,1586.0,1409.0,1310.0,848.0,917.0,186.0,6.0,147.0,12033.0,339.0,18694.0,18781.0,12808.0,True,False,SP
4418,157077,459,SP,Eixo Principal,B,-,459BSP0170,DIV MG/SP,ENTR SP-183,0.0,16.5,16.5,0.0,16.5,16.5,PAV,Taubaté,459BSP0170,Federal,Federal,PAV,Pavimentada,PAV,Pavimentada,202401A,74,Referencial,A,108.0,63.0,34.0,13.0,11.0,1.0,0.0,1.0,806.0,49.0,123.0,71.0,39.0,15.0,11.0,1.0,0.0,1.0,1002.0,61.0,1086.0,1324.0,492.0,True,False,SP
13638,151151,10,TO,Eixo Principal,B,-,010BTO0235,ENTR TO-280(B) (NATIVIDADE) (P/ ALMAS),CHAPADA DA NATIVIDADE,244.4,253.1,8.7,244.4,253.1,8.699999999999989,PAV,Gurupi,010BTO0235,Federal,Federal,PAV,Pavimentada,PAV,Pavimentada,202401A,74,Referencial,A,128.0,23.0,18.0,49.0,63.0,21.0,5.0,10.0,494.0,23.0,146.0,26.0,21.0,55.0,72.0,24.0,6.0,11.0,663.0,31.0,834.0,1055.0,678.0,True,False,TO
29654533,152761,153,TO,Eixo Principal,B,-,153BTO0265,ENTR TO-070 (ALIANÇA DO TOCANTINS),INÍCIO PISTA DUPLA (GURUPÍ),623.0,670.8,47.8,623.0,670.8,47.79999999999996,PAV,Gurupi,153BTO0265,Concessão Federal,Federal,PAV,Pavimentada,PAV,Pavimentada Concessão/Convênio,202401A,74,Referencial,D,185.0,266.0,201.0,179.0,391.0,328.0,12.0,0.0,818.0,32.0,180.0,258.0,195.0,174.0,380.0,319.0,12.0,0.0,786.0,31.0,2412.0,2335.0,3080.0,True,False,TO
17416,153916,230,TO,Eixo Principal,B,-,230BTO1130,ENTR TO-134(B),ENTR TO-010 (P/ARAGUATINS),101.3,143.8,42.5,101.3,143.8,42.500000000000014,PAV,Araguaína,230BTO1130,Federal,Federal,PAV,Pavimentada,PAV,Pavimentada,202401A,74,Referencial,A,52.0,30.0,28.0,20.0,49.0,15.0,1.0,21.0,217.0,123.0,60.0,34.0,32.0,23.0,57.0,17.0,1.0,24.0,216.0,123.0,556.0,587.0,464.0,True,False,TO
13412,154196,242,TO,Eixo Principal,B,-,242BTO0440,ENTR TO-373(A),INÍCIO INTERSEÇÃO ENTR TO-373(B) (PEIXE),302.2,314.8,12.6,302.2,314.8,12.600000000000025,PAV,Gurupi,242BTO0440,Federal,Federal,PAV,Pavimentada,PAV,Pavimentada,202401A,74,Referencial,A,62.0,33.0,12.0,7.0,12.0,9.0,0.0,0.0,347.0,41.0,58.0,31.0,11.0,6.0,11.0,8.0,0.0,0.0,391.0,46.0,523.0,562.0,260.0,True,False,TO
