bridge_label,family,span_m,effort,uf,gov_cen,gov_effect,gov_girder,Q141,Q117,Q174,weibull_k,weibull_alpha,weibull_u,unit,n_peaks,source
C-10,C,10,V,mg,cen6,CORTANTE_APOIO_CENTRAL_LONG_1,1,810.4,804.0,817.6,0.9224,25.024,299.727,kN,6008,2lg
C-10,C,10,V,mt,cen6,CORTANTE_APOIO_CENTRAL_LONG_1,1,776.8,771.3,782.9,0.9912,28.176,309.138,kN,6267,2lg
C-10,C,10,V,pb,cen2,CORTANTE_APOIO_CENTRAL_LONG_1,1,668.5,663.3,674.3,0.9375,21.794,290.074,kN,1185,2lg
C-10,C,10,V,pr,cen6,CORTANTE_APOIO_CENTRAL_LONG_1,1,789.8,784.1,796.2,0.9813,28.441,297.928,kN,7693,2lg
C-10,C,10,V,rj,cen8,CORTANTE_APOIO_CENTRAL_LONG_1,1,725.7,720.4,731.7,0.9978,28.292,282.983,kN,3309,2lg
C-10,C,10,V,sc,cen6,CORTANTE_APOIO_CENTRAL_LONG_1,1,762.1,756.8,768.1,1.0075,29.219,294.566,kN,7254,2lg
C-10,C,10,V,sp,cen6,CORTANTE_APOIO_CENTRAL_LONG_1,1,763.1,757.3,769.6,0.949,25.441,290.866,kN,5138,2lg
C-10,C,10,M+,mg,cen6,MOMENTO_(+)_FIM_LONG_1,1,1349.7,1338.9,1361.8,0.929,43.301,487.907,kN.m,5702,2lg
C-10,C,10,M+,mt,cen2,MOMENTO_(+)_FIM_LONG_1,1,1213.1,1204.8,1222.6,0.9837,42.159,493.46,kN.m,6995,2lg
C-10,C,10,M+,pb,cen6,MOMENTO_(+)_FIM_LONG_1,1,1128.8,1119.3,1139.4,0.9158,36.283,466.334,kN.m,944,2lg
C-10,C,10,M+,pr,cen8,MOMENTO_(+)_FIM_LONG_1,1,1291.9,1282.6,1302.4,0.9885,47.775,482.514,kN.m,7734,2lg
C-10,C,10,M+,rj,cen8,MOMENTO_(+)_FIM_LONG_1,1,1306.4,1295.7,1318.5,0.9311,43.563,476.271,kN.m,3312,2lg
C-10,C,10,M+,sc,cen2,MOMENTO_(+)_FIM_LONG_1,1,1258.5,1249.5,1268.6,0.9754,43.695,483.911,kN.m,8666,2lg
C-10,C,10,M+,sp,cen6,MOMENTO_(+)_FIM_LONG_1,1,1309.3,1298.9,1321.0,0.9307,42.21,480.156,kN.m,5084,2lg
C-10,C,10,M-,mg,cen6,MOMENTO_(-)_APOIO_CENTRAL_LONG_1,1,1389.8,1378.9,1402.1,0.9279,43.764,519.261,kN.m,5363,2lg
C-10,C,10,M-,mt,cen6,MOMENTO_(-)_APOIO_CENTRAL_LONG_1,1,1385.9,1375.7,1397.5,0.9614,47.11,535.123,kN.m,6031,2lg
C-10,C,10,M-,pb,cen2,MOMENTO_(-)_APOIO_CENTRAL_LONG_1,1,1150.5,1141.7,1160.5,0.9542,39.655,506.106,kN.m,947,2lg
C-10,C,10,M-,pr,cen6,MOMENTO_(-)_APOIO_CENTRAL_LONG_1,1,1366.0,1356.1,1377.3,0.9745,48.531,516.102,kN.m,6844,2lg
C-10,C,10,M-,rj,cen8,MOMENTO_(-)_APOIO_CENTRAL_LONG_1,1,1274.0,1264.1,1285.0,0.9561,44.359,501.255,kN.m,2744,2lg
C-10,C,10,M-,sc,cen6,MOMENTO_(-)_APOIO_CENTRAL_LONG_1,1,1319.7,1310.2,1330.4,0.9807,47.095,514.149,kN.m,6281,2lg
C-10,C,10,M-,sp,cen6,MOMENTO_(-)_APOIO_CENTRAL_LONG_1,1,1363.1,1351.9,1375.8,0.8941,38.861,511.23,kN.m,4269,2lg
S-10,S,10,V,mg,cen6,CORTANTE_APOIO_INICIO_LONG_1,1,734.0,728.3,740.5,0.9434,24.844,308.851,kN,1246,2lg
S-10,S,10,V,mt,cen2,CORTANTE_APOIO_INICIO_LONG_1,1,661.0,656.6,665.9,1.0058,23.992,305.082,kN,2041,2lg
S-10,S,10,V,pb,cen2,CORTANTE_APOIO_INICIO_LONG_1,1,637.8,632.3,644.0,0.9055,20.436,298.107,kN,200,2lg
S-10,S,10,V,pr,cen8,CORTANTE_APOIO_INICIO_LONG_1,1,681.4,676.9,686.4,1.0398,27.819,307.966,kN,1696,2lg
S-10,S,10,V,rj,cen8,CORTANTE_APOIO_INICIO_LONG_1,1,685.5,680.3,691.4,0.9742,25.594,308.322,kN,546,2lg
S-10,S,10,V,sc,cen2,CORTANTE_APOIO_INICIO_LONG_1,1,719.4,713.9,725.6,0.9379,23.072,306.423,kN,1837,2lg
S-10,S,10,V,sp,cen8,CORTANTE_APOIO_INICIO_LONG_1,1,710.8,705.3,717.0,0.9502,24.416,306.997,kN,1026,2lg
S-10,S,10,M+,mg,cen6,MOMENTO_MEIO_VAO_LONG_1,1,1637.9,1625.9,1651.5,0.9996,64.608,729.431,kN.m,734,2lg
S-10,S,10,M+,mt,cen2,MOMENTO_MEIO_VAO_LONG_1,1,1510.9,1501.0,1522.2,1.0117,55.747,723.997,kN.m,1226,2lg
S-10,S,10,M+,pb,cen2,MOMENTO_MEIO_VAO_LONG_1,1,1471.3,1458.3,1486.1,0.8879,44.997,680.339,kN.m,200,2lg
S-10,S,10,M+,pr,cen2,MOMENTO_MEIO_VAO_LONG_1,1,1566.1,1555.5,1578.0,1.0161,60.294,726.386,kN.m,1189,2lg
S-10,S,10,M+,rj,cen8,MOMENTO_MEIO_VAO_LONG_1,1,1516.4,1506.0,1528.0,1.0728,70.804,730.582,kN.m,323,2lg
S-10,S,10,M+,sc,cen2,MOMENTO_MEIO_VAO_LONG_1,1,1742.6,1728.0,1759.0,0.8962,51.466,730.79,kN.m,1079,2lg
S-10,S,10,M+,sp,cen8,MOMENTO_MEIO_VAO_LONG_1,1,1552.2,1541.1,1564.6,1.0018,59.54,730.322,kN.m,615,2lg
C-20,C,20,V,mg,cen6,CORTANTE_APOIO_CENTRAL_LONG_1,1,1159.6,1150.8,1169.5,0.9496,38.554,433.569,kN,6601,2lg
C-20,C,20,V,mt,cen8,CORTANTE_APOIO_CENTRAL_LONG_1,1,1197.7,1189.0,1207.5,0.9716,41.612,459.358,kN,7379,2lg
C-20,C,20,V,pb,cen2,CORTANTE_APOIO_CENTRAL_LONG_1,1,951.0,944.1,958.8,0.9755,33.899,423.927,kN,1201,2lg
C-20,C,20,V,pr,cen6,CORTANTE_APOIO_CENTRAL_LONG_1,1,1182.4,1173.7,1192.3,0.9663,41.175,433.327,kN,8529,2lg
C-20,C,20,V,rj,cen8,CORTANTE_APOIO_CENTRAL_LONG_1,1,1030.5,1023.0,1038.9,1.0044,40.604,402.958,kN,3621,2lg
C-20,C,20,V,sc,cen6,CORTANTE_APOIO_CENTRAL_LONG_1,1,1104.6,1096.9,1113.3,0.9982,41.073,426.136,kN,8020,2lg
C-20,C,20,V,sp,cen8,CORTANTE_APOIO_CENTRAL_LONG_1,1,1168.6,1159.0,1179.4,0.8967,33.532,422.334,kN,6032,2lg
C-20,C,20,M+,mg,cen6,MOMENTO_(+)_FIM_LONG_1,1,3701.5,3673.0,3733.7,0.9449,122.467,1287.358,kN.m,10724,2lg
C-20,C,20,M+,mt,cen6,MOMENTO_(+)_FIM_LONG_1,1,3801.5,3772.7,3834.0,0.9475,125.182,1379.886,kN.m,9060,2lg
C-20,C,20,M+,pb,cen2,MOMENTO_(+)_INICIO_LONG_1,1,3039.6,3017.5,3064.6,0.9756,108.186,1257.895,kN.m,2793,2lg
C-20,C,20,M+,pr,cen6,MOMENTO_(+)_INICIO_LONG_1,1,3881.8,3852.0,3915.5,0.9433,127.137,1319.015,kN.m,14090,2lg
C-20,C,20,M+,rj,cen8,MOMENTO_(+)_INICIO_LONG_1,1,3504.6,3477.5,3535.1,0.9492,118.443,1255.321,kN.m,7380,2lg
C-20,C,20,M+,sc,cen6,MOMENTO_(+)_INICIO_LONG_1,1,3680.2,3653.5,3710.3,0.979,131.808,1296.499,kN.m,14342,2lg
C-20,C,20,M+,sp,cen8,MOMENTO_(+)_INICIO_LONG_1,1,3611.0,3584.0,3641.5,0.9571,122.202,1278.3,kN.m,11740,2lg
C-20,C,20,M-,mg,cen6,MOMENTO_(-)_APOIO_CENTRAL_LONG_1,1,3259.7,3234.7,3287.9,0.9321,102.031,1237.407,kN.m,6228,2lg
C-20,C,20,M-,mt,cen8,MOMENTO_(-)_APOIO_CENTRAL_LONG_1,1,3471.7,3445.7,3501.0,0.9417,110.461,1326.246,kN.m,7278,2lg
C-20,C,20,M-,pb,cen2,MOMENTO_(-)_APOIO_CENTRAL_LONG_1,1,2459.8,2445.0,2476.4,1.0965,109.88,1204.576,kN.m,1100,2lg
C-20,C,20,M-,pr,cen6,MOMENTO_(-)_APOIO_CENTRAL_LONG_1,1,3172.3,3149.9,3197.5,0.9852,113.097,1234.013,kN.m,7990,2lg
C-20,C,20,M-,rj,cen6,MOMENTO_(-)_APOIO_CENTRAL_LONG_1,1,2385.5,2374.6,2397.7,1.5581,241.187,986.65,kN.m,3050,2lg
C-20,C,20,M-,sc,cen6,MOMENTO_(-)_APOIO_CENTRAL_LONG_1,1,3019.1,2998.7,3042.1,1.0177,116.793,1198.216,kN.m,7473,2lg
C-20,C,20,M-,sp,cen8,MOMENTO_(-)_APOIO_CENTRAL_LONG_1,1,3098.0,3075.0,3123.9,0.9693,109.361,1176.484,kN.m,5681,2lg
S-20,S,20,V,mg,cen6,CORTANTE_APOIO_INICIO_LONG_1,1,1091.9,1083.6,1101.3,0.9417,35.445,407.331,kN,6674,2lg
S-20,S,20,V,mt,cen6,CORTANTE_APOIO_INICIO_LONG_1,1,1091.0,1083.1,1099.8,0.9766,38.394,422.43,kN,6906,2lg
S-20,S,20,V,pb,cen2,CORTANTE_APOIO_INICIO_LONG_1,1,914.5,907.6,922.4,0.9537,31.255,395.538,kN,1250,2lg
S-20,S,20,V,pr,cen6,CORTANTE_APOIO_INICIO_LONG_1,1,1077.9,1070.2,1086.6,0.9844,39.023,404.547,kN,8583,2lg
S-20,S,20,V,rj,cen8,CORTANTE_APOIO_INICIO_LONG_1,1,1017.1,1009.3,1025.9,0.9567,35.395,389.113,kN,3703,2lg
S-20,S,20,V,sc,cen6,CORTANTE_APOIO_INICIO_LONG_1,1,1049.6,1042.2,1058.0,0.9938,38.748,401.184,kN,8071,2lg
S-20,S,20,V,sp,cen6,CORTANTE_APOIO_INICIO_LONG_1,1,1054.2,1046.0,1063.4,0.9331,33.468,396.221,kN,5779,2lg
S-20,S,20,M+,mg,cen6,MOMENTO_MEIO_VAO_LONG_1,1,4778.4,4742.4,4819.0,0.9792,178.262,1908.12,kN.m,2324,2lg
S-20,S,20,M+,mt,cen6,MOMENTO_MEIO_VAO_LONG_1,1,4714.0,4681.3,4750.9,1.0212,189.502,1930.776,kN.m,3302,2lg
S-20,S,20,M+,pb,cen2,MOMENTO_MEIO_VAO_LONG_1,1,4179.1,4143.0,4219.9,0.8856,122.719,1870.525,kN.m,404,2lg
S-20,S,20,M+,pr,cen6,MOMENTO_MEIO_VAO_LONG_1,1,4627.3,4596.2,4662.3,1.0596,205.789,1893.359,kN.m,3143,2lg
S-20,S,20,M+,rj,cen8,MOMENTO_MEIO_VAO_LONG_1,1,4268.1,4236.8,4303.4,0.9977,166.265,1870.913,kN.m,976,2lg
S-20,S,20,M+,sc,cen6,MOMENTO_MEIO_VAO_LONG_1,1,4394.9,4366.8,4426.5,1.0855,202.385,1889.777,kN.m,2702,2lg
S-20,S,20,M+,sp,cen6,MOMENTO_MEIO_VAO_LONG_1,1,5041.3,4996.5,5091.9,0.8805,146.743,1903.406,kN.m,1605,2lg
C-30,C,30,V,mg,cen6,CORTANTE_APOIO_CENTRAL_LONG_1,1,1485.2,1472.9,1499.1,0.8891,41.512,535.451,kN,6126,2lg
C-30,C,30,V,mt,cen8,CORTANTE_APOIO_CENTRAL_LONG_1,1,1518.1,1506.5,1531.1,0.9391,48.588,567.687,kN,7151,2lg
C-30,C,30,V,pb,cen2,CORTANTE_APOIO_CENTRAL_LONG_1,1,1168.3,1159.6,1178.0,0.9653,40.563,523.703,kN,1086,2lg
C-30,C,30,V,pr,cen6,CORTANTE_APOIO_CENTRAL_LONG_1,1,1491.0,1479.4,1504.1,0.934,47.813,534.589,kN,7854,2lg
C-30,C,30,V,rj,cen6,CORTANTE_APOIO_CENTRAL_LONG_1,1,1180.8,1173.0,1189.5,1.094,57.521,477.86,kN,3028,2lg
C-30,C,30,V,sc,cen6,CORTANTE_APOIO_CENTRAL_LONG_1,1,1370.0,1360.0,1381.2,0.9706,47.652,522.249,kN,7312,2lg
C-30,C,30,V,sp,cen6,CORTANTE_APOIO_CENTRAL_LONG_1,1,1292.8,1283.3,1303.5,0.9616,43.71,512.837,kN,5046,2lg
C-30,C,30,M+,mg,cen6,MOMENTO_(+)_INICIO_LONG_1,1,7422.8,7363.1,7490.1,0.9093,220.05,2622.356,kN.m,8506,2lg
C-30,C,30,M+,mt,cen8,MOMENTO_(+)_INICIO_LONG_1,1,7772.1,7711.8,7840.2,0.9289,242.458,2821.034,kN.m,8345,2lg
C-30,C,30,M+,pb,cen2,MOMENTO_(+)_FIM_LONG_1,1,5905.9,5862.5,5954.8,0.9869,221.462,2485.618,kN.m,1723,2lg
C-30,C,30,M+,pr,cen6,MOMENTO_(+)_INICIO_LONG_1,1,7537.8,7479.7,7603.4,0.9435,248.415,2615.32,kN.m,10857,2lg
C-30,C,30,M+,rj,cen6,MOMENTO_(+)_INICIO_LONG_1,1,6265.0,6220.6,6315.0,1.0268,262.647,2371.844,kN.m,4847,2lg
C-30,C,30,M+,sc,cen6,MOMENTO_(+)_INICIO_LONG_1,1,6953.8,6903.7,7010.2,0.9802,248.529,2555.351,kN.m,10617,2lg
C-30,C,30,M+,sp,cen6,MOMENTO_(+)_INICIO_LONG_1,1,6320.4,6278.1,6368.0,1.0362,258.754,2466.234,kN.m,7934,2lg
C-30,C,30,M-,mg,cen6,MOMENTO_(-)_APOIO_CENTRAL_LONG_1,1,5114.7,5075.9,5158.4,0.9857,197.044,1912.429,kN.m,3537,2lg
C-30,C,30,M-,mt,cen8,MOMENTO_(-)_APOIO_CENTRAL_LONG_1,1,5451.8,5412.3,5496.4,1.0186,226.868,2001.635,kN.m,5160,2lg
C-30,C,30,M-,pb,cen2,MOMENTO_(-)_APOIO_CENTRAL_LONG_1,1,3894.8,3867.4,3925.7,0.9965,145.094,1866.398,kN.m,604,2lg
C-30,C,30,M-,pr,cen8,MOMENTO_(-)_APOIO_CENTRAL_LONG_1,1,5178.1,5141.6,5219.2,1.029,217.481,1950.016,kN.m,5442,2lg
C-30,C,30,M-,rj,cen6,MOMENTO_(-)_APOIO_CENTRAL_LONG_1,1,4516.8,4480.6,4557.6,0.9485,159.012,1807.023,kN.m,1450,2lg
C-30,C,30,M-,sc,cen2,MOMENTO_(-)_APOIO_CENTRAL_LONG_1,1,5075.0,5037.3,5117.5,0.965,176.209,1937.406,kN.m,5727,2lg
C-30,C,30,M-,sp,cen6,MOMENTO_(-)_APOIO_CENTRAL_LONG_1,1,5013.3,4972.1,5059.8,0.9297,167.094,1872.131,kN.m,2557,2lg
S-30,S,30,V,mg,cen8,CORTANTE_APOIO_INICIO_LONG_1,1,1308.8,1299.3,1319.6,0.9618,44.075,524.052,kN,4937,2lg
S-30,S,30,V,mt,cen8,CORTANTE_APOIO_INICIO_LONG_1,1,1360.8,1351.3,1371.5,0.9873,48.559,548.55,kN,5959,2lg
S-30,S,30,V,pb,cen2,CORTANTE_APOIO_INICIO_LONG_1,1,1131.0,1122.5,1140.5,0.9664,40.005,511.99,kN,784,2lg
S-30,S,30,V,pr,cen6,CORTANTE_APOIO_INICIO_LONG_1,1,1326.0,1316.6,1336.7,0.9887,48.346,520.624,kN,5947,2lg
S-30,S,30,V,rj,cen8,CORTANTE_APOIO_INICIO_LONG_1,1,1206.1,1197.1,1216.2,0.9802,44.604,491.902,kN,2226,2lg
S-30,S,30,V,sc,cen6,CORTANTE_APOIO_INICIO_LONG_1,1,1222.4,1214.4,1231.4,1.0291,47.877,512.449,kN,5387,2lg
S-30,S,30,V,sp,cen8,CORTANTE_APOIO_INICIO_LONG_1,1,1305.8,1295.5,1317.6,0.9081,38.307,512.426,kN,3757,2lg
S-30,S,30,M+,mg,cen6,MOMENTO_MEIO_VAO_LONG_1,1,9358.5,9287.9,9438.1,0.9566,319.432,3655.913,kN.m,4041,2lg
S-30,S,30,M+,mt,cen8,MOMENTO_MEIO_VAO_LONG_1,1,9492.3,9426.0,9567.1,0.9906,343.028,3838.218,kN.m,5480,2lg
S-30,S,30,M+,pb,cen2,MOMENTO_MEIO_VAO_LONG_1,1,8004.8,7942.3,8075.4,0.9382,264.423,3598.585,kN.m,705,2lg
S-30,S,30,M+,pr,cen6,MOMENTO_MEIO_VAO_LONG_1,1,9524.9,9454.5,9604.4,0.9703,336.575,3655.56,kN.m,5289,2lg
S-30,S,30,M+,rj,cen8,MOMENTO_MEIO_VAO_LONG_1,1,8185.0,8126.5,8250.8,1.0084,322.956,3444.639,kN.m,1928,2lg
S-30,S,30,M+,sc,cen6,MOMENTO_MEIO_VAO_LONG_1,1,8763.4,8703.4,8831.0,1.0087,332.297,3601.587,kN.m,4730,2lg
S-30,S,30,M+,sp,cen6,MOMENTO_MEIO_VAO_LONG_1,1,9181.1,9106.6,9265.2,0.907,273.721,3580.47,kN.m,2994,2lg
C-40,C,40,V,mg,cen8,CORTANTE_APOIO_CENTRAL_LONG_1,1,761.6,756.5,767.4,0.995,26.863,368.137,kN,1104,5lg
C-40,C,40,V,mt,cen2,CORTANTE_APOIO_CENTRAL_LONG_1,1,762.0,757.3,767.3,1.0099,26.095,369.161,kN,3025,5lg
C-40,C,40,V,pb,cen2,CORTANTE_APOIO_CENTRAL_LONG_1,1,755.0,748.6,762.3,0.8877,22.319,362.514,kN,200,5lg
C-40,C,40,V,pr,cen2,CORTANTE_APOIO_CENTRAL_LONG_1,1,782.7,777.4,788.7,0.9747,25.957,366.84,kN,1783,5lg
C-40,C,40,V,rj,cen2,CORTANTE_APOIO_CENTRAL_LONG_1,1,702.6,698.0,707.7,1.0335,27.651,370.288,kN,274,5lg
C-40,C,40,V,sc,cen2,CORTANTE_APOIO_CENTRAL_LONG_1,1,714.2,709.9,719.1,1.0241,25.323,367.671,kN,1249,5lg
C-40,C,40,V,sp,cen6,CORTANTE_APOIO_CENTRAL_LONG_1,1,764.2,758.3,770.9,0.9026,21.616,367.771,kN,583,5lg
C-40,C,40,M+,mg,cen6,MOMENTO_(+)_INICIO_LONG_1,1,4941.9,4907.7,4980.4,0.9839,172.06,2048.284,kN.m,5564,5lg
C-40,C,40,M+,mt,cen6,MOMENTO_(+)_INICIO_LONG_1,1,5111.8,5077.9,5149.9,1.0038,183.83,2170.753,kN.m,6120,5lg
C-40,C,40,M+,pb,cen2,MOMENTO_(+)_INICIO_LONG_1,1,4548.5,4513.2,4588.3,0.9325,145.5,2011.509,kN.m,1023,5lg
C-40,C,40,M+,pr,cen8,MOMENTO_(+)_INICIO_LONG_1,1,5038.8,5003.8,5078.2,0.9769,171.318,2049.716,kN.m,7209,5lg
C-40,C,40,M+,rj,cen2,MOMENTO_(+)_INICIO_LONG_1,1,4400.6,4372.7,4432.0,1.0892,203.89,1864.437,kN.m,3393,5lg
C-40,C,40,M+,sc,cen6,MOMENTO_(+)_INICIO_LONG_1,1,4621.7,4592.9,4654.2,1.0434,180.775,2008.457,kN.m,6533,5lg
C-40,C,40,M+,sp,cen8,MOMENTO_(+)_INICIO_LONG_1,1,4707.2,4674.4,4744.2,0.9785,161.877,1972.407,kN.m,4682,5lg
C-40,C,40,M-,mg,cen6,MOMENTO_(-)_APOIO_CENTRAL_LONG_1,1,3600.3,3572.2,3632.0,0.9489,124.65,1778.323,kN.m,200,5lg
C-40,C,40,M-,mt,cen4,MOMENTO_(-)_APOIO_CENTRAL_LONG_1,1,3688.7,3659.8,3721.2,0.9489,128.129,1815.839,kN.m,200,5lg
C-40,C,40,M-,pb,cen2,MOMENTO_(-)_APOIO_CENTRAL_LONG_1,1,3225.2,3194.8,3259.5,0.8786,103.264,1697.685,kN.m,25,5lg
C-40,C,40,M-,pr,cen6,MOMENTO_(-)_APOIO_CENTRAL_LONG_1,1,3522.9,3500.3,3548.3,1.0851,160.325,1849.174,kN.m,200,5lg
C-40,C,40,M-,rj,cen6,MOMENTO_(-)_APOIO_CENTRAL_LONG_1,1,3132.9,3109.6,3159.2,1.0137,130.974,1695.54,kN.m,49,5lg
C-40,C,40,M-,sc,cen2,MOMENTO_(-)_APOIO_CENTRAL_LONG_1,1,3273.9,3258.8,3290.8,1.3573,213.985,1878.338,kN.m,200,5lg
C-40,C,40,M-,sp,cen2,MOMENTO_(-)_APOIO_CENTRAL_LONG_1,1,4117.7,4078.3,4162.2,0.8895,137.065,1720.702,kN.m,200,5lg
S-40,S,40,V,mg,cen8,CORTANTE_APOIO_INICIO_LONG_1,1,725.3,720.7,730.5,1.0373,28.105,360.455,kN,930,5lg
S-40,S,40,V,mt,cen6,CORTANTE_APOIO_INICIO_LONG_1,1,770.7,765.7,776.5,0.9896,26.247,364.609,kN,1979,5lg
S-40,S,40,V,pb,cen2,CORTANTE_APOIO_INICIO_LONG_1,1,718.5,712.6,725.1,0.9219,23.26,350.634,kN,200,5lg
S-40,S,40,V,pr,cen2,CORTANTE_APOIO_INICIO_LONG_1,1,757.3,752.3,762.9,1.005,27.309,360.404,kN,1455,5lg
S-40,S,40,V,rj,cen2,CORTANTE_APOIO_INICIO_LONG_1,1,686.6,682.3,691.5,1.0755,29.877,362.184,kN,258,5lg
S-40,S,40,V,sc,cen2,CORTANTE_APOIO_INICIO_LONG_1,1,715.5,711.0,720.6,1.0111,25.279,360.822,kN,1095,5lg
S-40,S,40,V,sp,cen8,CORTANTE_APOIO_INICIO_LONG_1,1,783.6,777.2,790.9,0.8949,22.695,361.59,kN,508,5lg
S-40,S,40,M+,mg,cen6,MOMENTO_MEIO_VAO_LONG_1,1,6455.4,6407.9,6509.0,0.9514,210.027,2519.18,kN.m,6683,5lg
S-40,S,40,M+,mt,cen6,MOMENTO_MEIO_VAO_LONG_1,1,6717.1,6669.2,6771.2,0.9626,222.078,2683.231,kN.m,6985,5lg
S-40,S,40,M+,pb,cen2,MOMENTO_MEIO_VAO_LONG_1,1,5524.4,5483.9,5570.1,0.9694,193.337,2455.119,kN.m,1261,5lg
S-40,S,40,M+,pr,cen6,MOMENTO_MEIO_VAO_LONG_1,1,6448.5,6403.0,6499.9,0.974,220.751,2520.464,kN.m,8616,5lg
S-40,S,40,M+,rj,cen2,MOMENTO_MEIO_VAO_LONG_1,1,5229.8,5200.4,5262.8,1.2232,318.449,2188.283,kN.m,4257,5lg
S-40,S,40,M+,sc,cen6,MOMENTO_MEIO_VAO_LONG_1,1,6072.3,6031.9,6117.8,1.0168,230.434,2452.793,kN.m,8123,5lg
S-40,S,40,M+,sp,cen8,MOMENTO_MEIO_VAO_LONG_1,1,6252.0,6205.1,6305.0,0.9505,207.006,2390.563,kN.m,5957,5lg
C-50,C,50,V,mg,cen4,CORTANTE_APOIO_CENTRAL_LONG_1,1,797.8,792.4,804.0,0.979,27.028,386.051,kN,1034,5lg
C-50,C,50,V,mt,cen8,CORTANTE_APOIO_CENTRAL_LONG_1,1,803.3,798.4,808.9,1.0255,29.098,389.491,kN,2375,5lg
C-50,C,50,V,pb,cen2,CORTANTE_APOIO_CENTRAL_LONG_1,1,781.8,775.2,789.2,0.8976,23.651,378.765,kN,200,5lg
C-50,C,50,V,pr,cen2,CORTANTE_APOIO_CENTRAL_LONG_1,1,824.2,818.5,830.6,0.9732,27.402,386.069,kN,1632,5lg
C-50,C,50,V,rj,cen2,CORTANTE_APOIO_CENTRAL_LONG_1,1,719.1,714.5,724.2,1.0506,28.786,389.644,kN,244,5lg
C-50,C,50,V,sc,cen2,CORTANTE_APOIO_CENTRAL_LONG_1,1,751.4,746.8,756.6,1.0198,26.495,387.515,kN,1120,5lg
C-50,C,50,V,sp,cen4,CORTANTE_APOIO_CENTRAL_LONG_1,1,804.0,797.7,811.0,0.905,23.135,385.111,kN,545,5lg
C-50,C,50,M+,mg,cen6,MOMENTO_(+)_INICIO_LONG_1,1,6609.2,6563.0,6661.3,0.9797,228.901,2729.331,kN.m,5202,5lg
C-50,C,50,M+,mt,cen8,MOMENTO_(+)_INICIO_LONG_1,1,6908.0,6861.2,6960.7,0.993,244.242,2878.502,kN.m,6194,5lg
C-50,C,50,M+,pb,cen2,MOMENTO_(+)_INICIO_LONG_1,1,5987.9,5941.7,6040.0,0.9322,190.362,2687.798,kN.m,936,5lg
C-50,C,50,M+,pr,cen6,MOMENTO_(+)_INICIO_LONG_1,1,6820.0,6772.0,6874.0,0.9787,236.586,2738.776,kN.m,6552,5lg
C-50,C,50,M+,rj,cen8,MOMENTO_(+)_INICIO_LONG_1,1,5697.9,5663.0,5737.2,1.128,287.352,2469.776,kN.m,2604,5lg
C-50,C,50,M+,sc,cen8,MOMENTO_(+)_INICIO_LONG_1,1,6196.5,6157.2,6240.7,1.0376,241.53,2673.13,kN.m,5936,5lg
C-50,C,50,M+,sp,cen8,MOMENTO_(+)_INICIO_LONG_1,1,6145.3,6103.3,6192.7,0.9879,215.187,2631.314,kN.m,4191,5lg
C-50,C,50,M-,mg,cen2,MOMENTO_(-)_APOIO_CENTRAL_LONG_1,1,5072.0,5035.3,5113.3,1.0856,260.68,2353.55,kN.m,200,5lg
C-50,C,50,M-,mt,cen4,MOMENTO_(-)_APOIO_CENTRAL_LONG_1,1,4774.8,4743.6,4809.9,1.162,276.984,2298.955,kN.m,200,5lg
C-50,C,50,M-,pb,cen2,MOMENTO_(-)_APOIO_CENTRAL_LONG_1,1,4025.5,3988.3,4067.4,0.8781,126.292,2198.602,kN.m,20,5lg
C-50,C,50,M-,pr,cen6,MOMENTO_(-)_APOIO_CENTRAL_LONG_1,1,4954.1,4919.0,4993.8,1.0199,201.978,2504.519,kN.m,200,5lg
C-50,C,50,M-,rj,cen2,MOMENTO_(-)_APOIO_CENTRAL_LONG_1,1,4623.9,4585.0,4667.9,0.9917,202.921,2195.267,kN.m,72,5lg
C-50,C,50,M-,sc,cen8,MOMENTO_(-)_APOIO_CENTRAL_LONG_1,1,4598.7,4567.9,4633.4,1.0351,186.286,2420.418,kN.m,200,5lg
C-50,C,50,M-,sp,cen4,MOMENTO_(-)_APOIO_CENTRAL_LONG_1,1,5226.7,5178.7,5280.9,0.938,204.397,2206.989,kN.m,157,5lg
S-50,S,50,V,mg,cen6,CORTANTE_APOIO_INICIO_LONG_1,1,744.7,740.3,749.7,1.0692,29.835,412.393,kN,303,5lg
S-50,S,50,V,mt,cen6,CORTANTE_APOIO_INICIO_LONG_1,1,843.5,837.5,850.2,0.9593,27.355,414.859,kN,706,5lg
S-50,S,50,V,pb,cen2,CORTANTE_APOIO_INICIO_LONG_1,1,751.1,745.1,757.8,0.9284,24.553,370.273,kN,200,5lg
S-50,S,50,V,pr,cen2,CORTANTE_APOIO_INICIO_LONG_1,1,788.6,783.6,794.2,1.0349,30.252,411.674,kN,473,5lg
S-50,S,50,V,rj,cen2,CORTANTE_APOIO_INICIO_LONG_1,1,723.6,719.0,728.7,1.0704,31.049,388.833,kN,200,5lg
S-50,S,50,V,sc,cen2,CORTANTE_APOIO_INICIO_LONG_1,1,736.4,732.0,741.4,1.0464,27.533,409.877,kN,349,5lg
S-50,S,50,V,sp,cen6,CORTANTE_APOIO_INICIO_LONG_1,1,840.1,832.8,848.2,0.8807,24.218,404.261,kN,200,5lg
S-50,S,50,M+,mg,cen6,MOMENTO_MEIO_VAO_LONG_1,1,8745.4,8676.6,8823.1,0.9096,254.674,3303.529,kN.m,6343,5lg
S-50,S,50,M+,mt,cen8,MOMENTO_MEIO_VAO_LONG_1,1,9613.4,9535.8,9701.1,0.9001,274.995,3495.263,kN.m,7136,5lg
S-50,S,50,M+,pb,cen2,MOMENTO_MEIO_VAO_LONG_1,1,7162.8,7109.9,7222.5,0.9575,241.008,3228.747,kN.m,1150,5lg
S-50,S,50,M+,pr,cen6,MOMENTO_MEIO_VAO_LONG_1,1,8722.1,8658.0,8794.3,0.961,294.546,3292.614,kN.m,8142,5lg
S-50,S,50,M+,rj,cen8,MOMENTO_MEIO_VAO_LONG_1,1,6805.6,6767.5,6848.5,1.2474,439.333,2841.191,kN.m,3310,5lg
S-50,S,50,M+,sc,cen6,MOMENTO_MEIO_VAO_LONG_1,1,7962.0,7908.6,8022.1,1.0156,303.067,3205.102,kN.m,7593,5lg
S-50,S,50,M+,sp,cen6,MOMENTO_MEIO_VAO_LONG_1,1,7999.9,7941.1,8066.1,0.9621,271.535,3145.917,kN.m,5324,5lg
