bridge,variant,paper_effort,worst_cen,effect,unit,n_peaks,mean,std,skewness,kurtosis,weibull_k,weibull_alpha,weibull_u,N_TR117,Q_TR117,R_TR117,N_TR174,Q_TR174,R_TR174
lb10,mg,M+,cen6,MOMENTO_MEIO_VAO_LONG_1,kN.m,8334,702.159471422693,70.3326372672407,1.6297876563313882,6.159519895363597,1.1463644285686314,84.4312144959197,621.7316700652724,11863449.0,1584.819112549222,0.019388788679958635,17643078.0,1605.2571931474477,0.019448473000709413
lb10,mg,V,cen2,CORTANTE_APOIO_INICIO_LONG_1,kN,3538,309.06236230999434,23.748616672415245,2.204057675552882,10.04444695109939,0.9375000590458511,21.60136546855861,286.8120566160935,5036343.0,686.8831877435994,0.0361627686757379,7489946.0,697.8673828074046,0.03610160269392322
lb10,mt,M+,cen8,MOMENTO_MEIO_VAO_LONG_1,kN.m,5374,816.9017467480066,65.30244836990182,1.530941809226157,6.559099021641446,1.1949153143912552,82.52435458200351,739.1891981415843,7649889.0,1572.6141959930903,0.022725078791058725,11376758.0,1590.0433370976627,0.02281694061777806
lb10,mt,V,cen4,CORTANTE_APOIO_INICIO_LONG_1,kN,7441,309.9141571115453,23.04151169806315,2.1034536953813263,9.33619590945431,0.9669888097792865,21.949752841552836,287.6369934847644,10592263.5,678.0814160885266,0.04006116257100129,15752597.0,687.992418575719,0.040028025905806744
lb10,orig,M+,cen2,MOMENTO_MEIO_VAO_LONG_1,kN.m,4611,649.7307073331499,52.58910733303302,2.0716821539435655,9.018984875701676,0.9768220218829811,50.844135471943964,598.3646675523912,6563758.5,1450.3534765313136,0.01799700576002108,9761487.0,1472.4126708861163,0.01798634617268491
lb10,orig,V,cen8,CORTANTE_APOIO_INICIO_LONG_1,kN,2375,317.64243085905275,27.07504335050096,1.790352766588469,7.2350855115546,1.0767466936260464,29.972288642249122,288.51146154436935,3380812.5,659.9497992902071,0.043580336531662496,5027875.0,669.0482016693767,0.043661351729571474
lb10,pb,M+,cen4,MOMENTO_MEIO_VAO_LONG_1,kN.m,2003,658.5186164279137,52.52840329331903,2.2900520294020246,10.994971635792972,0.9141223971731961,45.96189111628653,610.5607442103558,2851270.5,1490.853622317647,0.015434468609613146,4240351.0,1516.5995814095827,0.015396305727653558
lb10,pb,V,cen4,CORTANTE_APOIO_INICIO_LONG_1,kN,1628,293.8657252664053,22.531242592612262,2.251358800330452,10.77605708511067,0.924443971645087,20.0599388080237,273.056474050537,2317458.0,639.1941756636793,0.03700420263560509,3446476.0,649.9312526687888,0.036923479832849916
lb10,pr,M+,cen2,MOMENTO_MEIO_VAO_LONG_1,kN.m,3406,708.9628855469502,55.88631525846217,2.063695205538364,8.92753102075745,0.9793353808112444,54.23412786512996,654.2349464639982,4848441.0,1538.7044666951529,0.01704530547231103,7210502.0,1561.9946576775228,0.017036152766432663
lb10,pr,V,cen4,CORTANTE_APOIO_INICIO_LONG_1,kN,4094,305.66612685643105,24.252321918070223,2.074850459253191,8.993846270745292,0.9758296665735542,23.4129241317261,282.0020784626232,5827809.0,672.4013719567658,0.038938652825878446,8666998.0,682.5970396127839,0.03891439652058256
lb10,rj,M+,cen8,MOMENTO_MEIO_VAO_LONG_1,kN.m,1159,763.4474281182969,66.32787413643152,1.8963920869126338,7.9557735324189345,1.036139953508973,69.70592305244583,694.7347299253922,1649836.5,1604.1923323373126,0.016310351394382146,2453603.0,1628.513775990653,0.016325915404018006
lb10,rj,V,cen6,CORTANTE_APOIO_INICIO_LONG_1,kN,587,351.62810016703736,28.04552300300196,2.1241937470739414,10.466731985202086,0.9607086688280104,26.46120828498811,324.69096554563794,835594.5,726.2043727083068,0.032626870934216096,1242679.0,738.3757947189889,0.03258860980733709
lb10,sc,M+,cen6,MOMENTO_MEIO_VAO_LONG_1,kN.m,2958,761.3140909303421,62.485719267738304,1.7252857356272089,7.095909123248308,1.1036917546764018,71.45683570998432,692.4402243517654,4210713.0,1536.2151056878251,0.019951728876628515,6262086.0,1556.0830986261844,0.019999936164968136
lb10,sc,V,cen2,CORTANTE_APOIO_INICIO_LONG_1,kN,2806,310.1808488625938,24.370740272915175,2.1023328393011194,9.767140514272265,0.9673312867991627,23.22808376223394,286.61012216654916,3994341.0,673.6731494033048,0.03798815949459392,5940302.0,684.125219176037,0.03795510632824593
lb10,sp,M+,cen2,MOMENTO_MEIO_VAO_LONG_1,kN.m,3876,673.9575218326827,54.39131455388695,2.0977392635536933,9.134739099953755,0.9687382244504988,51.95184516980098,621.274443078148,5517486.0,1502.36926621591,0.01706756459166446,8205492.0,1525.6323247614691,0.01705366566260331
lb10,sp,V,cen2,CORTANTE_APOIO_INICIO_LONG_1,kN,3992,293.7582311026549,23.895874050535692,2.135052844170671,9.410009637103032,0.9574632780626415,22.433213382780185,270.8852568396044,5682612.0,665.0261334541794,0.03778179866300559,8451064.0,675.5366051804941,0.037739527224863824
lb20,mg,M+,cen8,MOMENTO_MEIO_VAO_LONG_1,kN.m,5394,2133.0942070331084,210.07371179063946,1.4326941998476337,5.270299269838631,1.248201426491141,279.71138242998234,1872.489836974921,7678359.0,4432.271025491847,0.007730692438762688,11419098.0,4483.482906351017,0.007768794640659279
lb20,mg,V,cen6,CORTANTE_APOIO_INICIO_LONG_1,kN,5519,485.06692543720624,46.29049450847449,1.5934297883853217,5.88704330731746,1.1636740786954762,56.62187863683679,431.36198642689806,7856296.5,1040.6983817632556,0.030320609204486426,11683723.0,1053.765078202723,0.030426088050304865
lb20,mt,M+,cen6,MOMENTO_MEIO_VAO_LONG_1,kN.m,3347,2566.0931723364606,181.68734980401894,1.6102266786406325,7.396998414144537,1.155600701645017,220.31563236050818,2356.712994353803,4764454.5,4701.471578838682,0.007578314475478266,7085599.0,4753.752115801614,0.007604362457999373
lb20,mt,V,cen6,CORTANTE_APOIO_INICIO_LONG_1,kN,2750,590.2665391466566,41.849591563327586,1.8756133677841333,9.225946403292552,1.0437939101830125,44.42716544324857,546.5954953071908,3914625.0,1148.2742643891993,0.026334703075855264,5821750.0,1163.336732995031,0.026363234835763767
lb20,orig,M+,cen6,MOMENTO_MEIO_VAO_LONG_1,kN.m,1457,2129.270069682742,192.85965765311664,1.4052580101444605,5.587962262350424,1.2640724126249552,260.6216767868446,1887.1395055875917,2074039.5,4053.97778568398,0.008485148349218492,3084469.0,4100.61956849848,0.008533002558147684
lb20,orig,V,cen6,CORTANTE_APOIO_INICIO_LONG_1,kN,2758,444.0089228472857,41.56123856807292,1.852137816475428,7.203827622308702,1.0526143914088608,44.62949629217196,400.277078373163,3926013.0,991.7483978042433,0.027020729232162585,5838686.0,1006.4269219870354,0.0270556028011634
lb20,origfiel,M+,cen8,MOMENTO_MEIO_VAO_LONG_1,kN.m,9302,1701.1385886972394,131.44901687825512,2.4049308278276413,11.522025798941293,0.8852444482967257,109.32321088542888,1585.0454755236976,13241397.0,4161.390913506259,0.005634725194316007,19692334.0,4231.935544926313,0.0056172848827452425
lb20,origfiel,V,cen8,CORTANTE_APOIO_INICIO_LONG_1,kN,12370,377.5126771621418,26.73268479688188,2.390758237966991,11.79898684347645,0.8886712653562427,22.371271599490143,353.8079295361844,17608695.0,884.8296484109483,0.02792071396286182,26187290.0,899.065268570597,0.02783860298324948
lb20,pb,M+,cen6,MOMENTO_MEIO_VAO_LONG_1,kN.m,231,2401.8902953089955,188.02684285263794,2.686880950620647,16.606883729090576,0.8239943731576205,138.71347507161303,2247.911720068992,328828.5,5280.629580692264,0.0034515049847184944,489027.0,5395.998077147057,0.0034288985751634816
lb20,pb,V,cen8,CORTANTE_APOIO_FIM_LONG_1,kN,277,512.5461493860307,40.78958108841233,2.2761728738698084,13.059121206086548,0.917788603901863,35.91294926268888,475.15218388117074,394309.5,1056.9443941045392,0.020326168507373708,586409.0,1076.4967185011558,0.02027100770499826
lb20,pr,M+,cen6,MOMENTO_MEIO_VAO_LONG_1,kN.m,5696,2165.4984443484286,213.01995603171596,1.3416914252912802,4.879588264108673,1.302656668238342,298.02692321570896,1890.3605989175348,8108256.0,4383.22320267493,0.008313003155440537,12058432.0,4430.828472558662,0.00836073349612152
lb20,pr,V,cen8,CORTANTE_APOIO_INICIO_LONG_1,kN,6509,484.1247970868388,47.78925538157524,1.511500377119912,5.46742085917333,1.2050405763089658,61.01413913171843,426.79307781556355,9265561.5,1037.1827625988667,0.03166999459362661,13779553.0,1049.6884153364492,0.031801965710702616
lb20,rj,M+,cen6,MOMENTO_MEIO_VAO_LONG_1,kN.m,1563,2120.7892287474856,197.7873821425538,1.5805502340670903,6.1760110705086735,1.1699557082727552,243.55275386141284,1890.1307833597484,2224930.5,4301.097864872401,0.007092249079016107,3308871.0,4356.948492351801,0.007119907002929385
lb20,rj,V,cen6,CORTANTE_APOIO_INICIO_LONG_1,kN,3698,447.309939342031,44.26657370104067,1.8213314030650907,7.021440482892071,1.064476972911507,48.258924138199035,400.2147699144801,5264103.0,1032.9005066494994,0.02603866842614716,7828666.0,1048.1307740297618,0.02607863532135991
lb20,sc,M+,cen6,MOMENTO_MEIO_VAO_LONG_1,kN.m,2717,2244.944468182203,193.73709885108786,1.4118120769858165,5.3412107598621885,1.2602395728230475,260.88063799394615,2002.4103897940154,3867649.5,4259.308504880946,0.008469816258374728,5751889.0,4306.041546949229,0.008515112277798964
lb20,sc,V,cen8,CORTANTE_APOIO_INICIO_LONG_1,kN,5003,480.2574508551059,44.7657429151565,1.5613372180220437,5.7626065838738825,1.1794762158766392,55.67820096701263,427.6440512313793,7121770.5,1005.0083123578689,0.03223365837011283,10591351.0,1017.2976119426509,0.03235573521357934
lb20,sp,M+,cen8,MOMENTO_MEIO_VAO_LONG_1,kN.m,5195,1994.6383532049822,197.70701458540893,1.591370055980214,5.81960669028664,1.1646733189001681,242.0906765475158,1765.0746986025163,7395082.5,4356.519499767479,0.0071083330294941915,10997815.0,4412.254640927945,0.007133285315522932
lb20,sp,V,cen8,CORTANTE_APOIO_INICIO_LONG_1,kN,5504,454.48039502477224,43.06166124958973,1.729439163881025,6.484211682265152,1.1019224296323955,49.141336411584284,407.0905126363548,7834944.0,1011.1480630507554,0.028957558019814755,11651968.0,1024.837980740081,0.029023775841320976
lb30,mg,M+,cen8,MOMENTO_MEIO_VAO_LONG_1,kN.m,3063,4448.899066060698,398.3125445061457,1.4823074855739389,5.6969700319599355,1.2206238854676488,516.4646707153348,3965.1598377735386,4360180.5,8788.237261167495,0.0038690913776398914,6484371.0,8890.576434958808,0.0038870560018391745
lb30,mg,V,cen8,CORTANTE_APOIO_INICIO_LONG_1,kN,2919,636.3599329246215,55.66343706357464,1.528151418146178,5.838966637387012,1.196356397401542,70.44656132876565,570.0417744504194,4155196.5,1256.604013966389,0.02655595553142715,6179523.0,1271.5174906697493,0.026668247280599282
lb30,mt,M+,cen8,MOMENTO_MEIO_VAO_LONG_1,kN.m,6530,4817.968034387484,442.6372223893271,1.3117646166250476,4.83822464776147,1.3217499714344738,629.5917480008283,4238.382344644126,9295455.0,9378.664339555984,0.004125751479422364,13824010.0,9474.573795377302,0.004150364665179219
lb30,mt,V,cen6,CORTANTE_APOIO_INICIO_LONG_1,kN,7309,677.3384135663562,62.67575454015912,1.336205969023956,4.921406685212921,1.306110466644168,87.95206851951934,596.1841065955515,10404361.5,1336.5064633749234,0.028506214162041344,15473153.0,1350.389414489281,0.028668796585063765
lb30,orig,M+,cen8,MOMENTO_MEIO_VAO_LONG_1,kN.m,5150,3497.868680262294,336.71981842633863,1.8424157707104558,6.958935624236238,1.0563223727047444,363.3041474337599,3142.3332436812047,7331025.0,8099.280193167939,0.003368595441523335,10902550.0,8217.020074282626,0.003373052196883726
lb30,orig,V,cen6,CORTANTE_APOIO_INICIO_LONG_1,kN,5137,495.765750583801,46.09293194498285,1.9488617706535436,7.689304169195561,1.0174285759218038,47.230629967618086,448.8714905494838,7312519.5,1160.8805482059674,0.022584767177228335,10875029.0,1178.4497672906982,0.022594364117155562
lb30,pb,M+,cen6,MOMENTO_MEIO_VAO_LONG_1,kN.m,1998,3966.085007070754,339.6653815462692,1.8025004110535627,7.3613106517526665,1.0718937728554012,373.7570884544817,3602.2426761121537,2844153.0,8236.926036443032,0.003436949597641841,4229766.0,8352.298469164249,0.003443030668711111
lb30,pb,V,cen6,CORTANTE_APOIO_INICIO_LONG_1,kN,2036,566.9078142243575,48.36375233056856,1.883837067051422,7.791757026414482,1.0407476231455801,51.13756368491652,516.5846865256281,2898246.0,1201.16143916078,0.022621167344180758,4310212.0,1218.6970515152875,0.022644493119299062
lb30,pr,M+,cen8,MOMENTO_MEIO_VAO_LONG_1,kN.m,1001,4956.346750038718,381.341051023895,1.8294747932040623,8.185335569684732,1.0613088976591825,414.07100650766955,4551.82573365766,1424923.5,9585.933146408208,0.002987292834261805,2119117.0,9718.683242025574,0.002992063686553626
lb30,pr,V,cen6,CORTANTE_APOIO_INICIO_LONG_1,kN,1252,692.1869464835519,53.07516648310043,1.8985186129816947,8.640689043774337,1.0353645654395225,55.72080683449368,637.2442001587438,1782222.0,1369.429490570691,0.020353299882368323,2650484.0,1388.9200017425683,0.02037221852073421
lb30,rj,M+,cen6,MOMENTO_MEIO_VAO_LONG_1,kN.m,1795,4036.630590800893,378.57195574532534,1.7576026547692079,6.9975004205763724,1.0901047860272226,425.96824375568616,3624.3678387203927,2555182.5,8655.4169296683,0.0031967502145787263,3800015.0,8779.43173383926,0.003203772033071715
lb30,rj,V,cen6,CORTANTE_APOIO_INICIO_LONG_1,kN,2405,561.6212320089327,52.964063920238765,1.7985450687016726,7.104851469227837,1.0734679948538544,58.394156576844345,504.8055135092159,3423517.5,1234.6204299802437,0.022131079171768223,5091385.0,1252.5376061561196,0.022170549188185514
lb30,sc,M+,cen6,MOMENTO_MEIO_VAO_LONG_1,kN.m,2808,4360.577470816418,387.15343997691065,1.4880564092909336,5.510486883111553,1.2175184255465865,500.464742182584,3891.5305518306022,3997188.0,8569.938276399378,0.0039559658891866025,5944536.0,8670.031429056042,0.003974223765144814
lb30,sc,V,cen6,CORTANTE_APOIO_INICIO_LONG_1,kN,2135,636.4935739592598,52.90401603197271,1.515519432840752,5.95189935046339,1.2029310071840884,67.40121843548698,573.1319300680525,3039172.5,1210.8031295441453,0.028159130346065556,4519795.0,1224.8660774672096,0.0282840593775424
lb30,sp,M+,cen6,MOMENTO_MEIO_VAO_LONG_1,kN.m,1824,4289.005317194775,367.71477456012144,1.7762829206263961,7.159981814835276,1.0824358500540257,409.9174830294237,3891.321063957445,2596464.0,8823.176905665025,0.003241621644346044,3861408.0,8945.485788996912,0.0032481745557291163
lb30,sp,V,cen8,CORTANTE_APOIO_INICIO_LONG_1,kN,2628,592.0726922080006,51.73746572049917,1.865726271522129,7.743288666931585,1.0474860748276114,55.1893451754851,537.8948102445402,3740958.0,1276.3787228953381,0.021467694479070275,5563476.0,1294.8552104406526,0.021492900702422317
lc10,mg,M+,cen4,MOMENTO_(+)_FIM_LONG_1,kN.m,5581,538.8622716951694,43.92726261024083,2.152616453654067,9.740248074213621,0.952275044284761,40.90636157421311,497.0464086683543,7944553.5,1243.5875059867844,0.020266457199887063,11814977.0,1263.1828328824113,0.020241412528512866
lc10,mg,M-,cen8,MOMENTO_(-)_APOIO_CENTRAL_LONG_1,kN.m,3729,628.1538412444959,58.4918959103949,1.5185618091120807,5.621396630031627,1.2013398520648482,74.4008909310871,558.1882994037495,5308231.5,1286.0678248188624,0.025557073382123194,7894293.0,1301.5640176519078,0.025665702249404964
lc10,mg,V,cen6,CORTANTE_APOIO_CENTRAL_LONG_1,kN,6218,349.7838175228231,33.05374059951547,1.6107241936200596,6.0857441101211265,1.1553635449148718,40.070956956195666,311.69955179140993,8851323.0,753.2065920501716,0.041859547225395095,13163506.0,762.6721846049663,0.04199773042545015
lc10,mt,M+,cen4,MOMENTO_(+)_FIM_LONG_1,kN.m,5841,562.8662185486987,43.80770689855108,2.1849182689872566,10.177984160804284,0.942925449553877,40.19584626869257,521.5803094332435,8314663.5,1278.8807895788204,0.01983906317815582,12365397.0,1298.9007997536528,0.019809540339108932
lc10,mt,M-,cen8,MOMENTO_(-)_APOIO_CENTRAL_LONG_1,kN.m,5132,701.3699552532667,59.92895002010552,1.278106184010064,5.311984220160843,1.343977762758732,86.8527655093225,621.6630111571509,7305402.0,1298.9000552789125,0.031363305138497916,10864444.0,1311.514132370321,0.03156303023154234
lc10,mt,V,cen6,CORTANTE_APOIO_CENTRAL_LONG_1,kN,3848,412.2650410666588,29.9108343078227,1.6362585710440112,7.553121782413708,1.1433475418947636,35.78753650936219,378.14790139957006,5477628.0,771.8989072452857,0.045054842038276505,8146216.0,780.6937667557966,0.045197738367329474
lc10,orig,M+,cen6,MOMENTO_(+)_FIM_LONG_1,kN.m,2102,568.5408871570745,52.66658528594656,1.6118388260345504,6.366895200813298,1.1548327567055823,63.81084636666915,507.8857213046979,2992197.0,1170.2210171338631,0.025999384414716283,4449934.0,1185.4590801923937,0.026091110779315533
lc10,orig,M-,cen6,MOMENTO_(-)_APOIO_CENTRAL_LONG_1,kN.m,4705,513.6259709890797,45.10921692240144,2.1376969086007187,8.676399005279528,0.9566774696111677,42.29649591411517,470.48363154978153,6697567.5,1223.5933379019448,0.019965675088680183,9960485.0,1243.4827969979244,0.01994314075833099
lc10,orig,V,cen8,CORTANTE_APOIO_CENTRAL_LONG_1,kN,1531,356.8414750844036,30.743538932403826,1.6115742701175928,6.8035334033467905,1.1549587316811087,37.25396455723903,321.43096764152074,2179378.5,700.890829413778,0.04442130777142563,3241127.0,709.8091774329837,0.04458150449084058
lc10,pb,M+,cen8,MOMENTO_(+)_FIM_LONG_1,kN.m,1214,561.6901224560422,48.530848942041416,2.2151024851466685,10.14722763823401,0.9344070663675663,43.92195059530375,516.3741861406984,1728129.0,1276.9592611145847,0.017644926963411682,2570038.0,1299.4735532365803,0.017611196520233248
lc10,pb,M-,cen6,MOMENTO_(-)_APOIO_CENTRAL_LONG_1,kN.m,648,626.3408467882508,53.33003728945023,1.8276477290772708,7.7903802805265565,1.0620176697149875,57.95933438615693,569.7319597622002,922428.0,1252.8571651575876,0.02135269286308079,1371816.0,1271.4285874117704,0.02138824262259811
lc10,pb,V,cen6,CORTANTE_APOIO_CENTRAL_LONG_1,kN,251,396.15278571370845,33.017727871072104,2.7730964876902333,15.308119852679722,0.8075764100067317,23.511679617830147,369.6912254213367,357298.5,921.4344537875681,0.018715111306250736,531367.0,942.7187298546467,0.018579296589519057
lc10,pr,M+,cen2,MOMENTO_(+)_FIM_LONG_1,kN.m,1806,587.7855170673274,47.04001090022321,2.027103562739521,8.789187868900093,0.991069661360234,46.44090239379801,541.1661363426724,2570841.0,1243.451810327333,0.02082903677751368,3823302.0,1262.5083336088487,0.02082405724787694
lc10,pr,M-,cen8,MOMENTO_(-)_APOIO_CENTRAL_LONG_1,kN.m,5927,609.5026266812913,59.34965920869068,1.5243189459203896,5.527622520874743,1.1983423175290226,75.26338442161456,538.6804046729047,8437084.5,1297.6575777478633,0.025180388232812233,12547459.0,1313.3869538836202,0.025283043794898305
lc10,pr,V,cen2,CORTANTE_APOIO_CENTRAL_LONG_1,kN,4789,335.3459686860118,25.49817366437643,2.0608235275756543,8.953085988605466,0.9802431635558606,24.777650528080414,310.3530198555784,6817141.5,722.4964468612295,0.03742405421716828,10138313.0,733.1041010269889,0.03740526968708007
lc10,rj,M+,cen6,MOMENTO_(+)_FIM_LONG_1,kN.m,2016,570.5685924751259,53.421753757775775,1.8319373567187511,7.062748547051086,1.0603554327040912,57.93668712404296,513.949665625388,2869776.0,1252.7543633879309,0.021341518874100535,4267872.0,1271.3370466204997,0.021373540302721615
lc10,rj,M-,cen6,MOMENTO_(-)_APOIO_CENTRAL_LONG_1,kN.m,3755,557.0730529502431,54.26718486258348,1.9359273621236635,7.655293262278443,1.021961162984371,55.95296970002682,501.6178365478493,5345242.5,1318.8555142504579,0.01937249595210681,7949335.0,1339.3367706879044,0.019383029656142938
lc10,rj,V,cen8,CORTANTE_APOIO_CENTRAL_LONG_1,kN,2754,337.1901310433314,32.204549947554774,1.70648462339081,6.566307239356181,1.111788391508162,37.17882342430953,301.4397874062971,3920319.0,730.8139525673514,0.039310282136190366,5830218.0,740.8969300348076,0.0394124158834711
lc10,sc,M+,cen2,MOMENTO_(+)_FIM_LONG_1,kN.m,1109,602.55467406511,46.50568042699994,2.4530991282215937,12.504539214373844,0.8738672519102693,37.8760025801785,562.0318271518368,1578661.5,1355.4254835238119,0.015719699958332018,2347753.0,1380.7231437352402,0.015657588635194487
lc10,sc,M-,cen8,MOMENTO_(-)_APOIO_CENTRAL_LONG_1,kN.m,2956,628.6645691906176,53.352759794027726,1.5188131922272872,5.724981180527885,1.2012086668983102,67.85499385067253,564.8529057057812,4207866.0,1220.554593853354,0.027941661442573533,6257852.0,1234.7278768256788,0.028062149987160324
lc10,sc,V,cen8,CORTANTE_APOIO_CENTRAL_LONG_1,kN,1557,390.0529354065057,29.03456523760372,1.6932108203985379,7.560580941730099,1.1175921721383932,33.74501136570519,357.6581100718491,2216389.5,729.4956077709553,0.043915891422721474,3296169.0,738.5201271653523,0.044039904031365554
lc10,sp,M+,cen4,MOMENTO_(+)_FIM_LONG_1,kN.m,3299,541.7128651301049,44.57650920472637,2.1534469046904614,9.283400081007368,0.9520315608941017,41.4951194843336,499.2899736899725,4696126.5,1230.819301347116,0.019992835474342656,6983983.0,1250.683296553569,0.01996715783976276
lc10,sp,M-,cen6,MOMENTO_(-)_APOIO_CENTRAL_LONG_1,kN.m,3782,586.2436927295549,52.909344818052425,1.7374059489763487,6.4579517987949,1.0985478075221182,60.13833837273271,528.1901514091011,5383677.0,1257.098817469333,0.023358568506909188,8006494.0,1274.0703070337188,0.023411611144890754
lc10,sp,V,cen8,CORTANTE_APOIO_CENTRAL_LONG_1,kN,5979,329.96598910685634,31.499224382881003,1.6787343138720296,6.317189729820427,1.1240061033517126,36.87941418231478,294.6255337589432,8511106.5,728.1530612173353,0.0413713829042168,12657543.0,737.733156429379,0.04148367004641228
lc20,mg,M+,cen2,MOMENTO_(+)_INICIO_LONG_1,kN.m,1633,1702.5340233989864,118.02952545339056,2.1779050570170626,10.650305750948613,0.9449345364235341,108.64579191607363,1591.0576761760701,2324575.5,3453.4567806304776,0.0074376328322247305,3457061.0,3506.859769544038,0.007426063309642594
lc20,mg,M-,cen6,MOMENTO_(-)_APOIO_CENTRAL_LONG_1,kN.m,3371,1535.563476919867,137.99271032426594,1.5326479277597154,5.842501521604217,1.1940362807363276,174.2286279895709,1371.4621756979948,4798618.5,3090.4819091503578,0.010685660608859237,7136407.0,3127.5463117599447,0.010729982586210586
lc20,mg,V,cen8,CORTANTE_APOIO_CENTRAL_LONG_1,kN,4144,537.5320611331346,50.213164537448485,1.435842225682775,5.255034033502012,1.2464093068614601,66.74533270966774,475.3255754604855,5898984.0,1079.9050525577456,0.032141156207961936,8772848.0,1092.2223654574204,0.03230128663814076
lc20,mt,M+,cen8,MOMENTO_(+)_INICIO_LONG_1,kN.m,9117,1783.6197513971752,175.5675986231762,1.2840337749222215,4.783978786255241,1.3400036895647645,253.60245198071954,1550.7572429206623,12978049.5,3594.051977627086,0.010741285553213171,19300689.0,3630.888674048356,0.010806737675854423
lc20,mt,M-,cen8,MOMENTO_(-)_APOIO_CENTRAL_LONG_1,kN.m,7022,1704.7207818738177,154.15285171797078,1.2324569346288465,4.564532060718406,1.375468343310058,229.21671156915843,1495.2081723101637,9995817.0,3224.9666083984253,0.01281644556895094,14865574.0,3255.830176843766,0.012901833862051078
lc20,mt,V,cen8,CORTANTE_APOIO_CENTRAL_LONG_1,kN,5696,604.901035157062,52.0681479618264,1.236458748385612,4.830340761714638,1.3726434893906116,77.24746467902742,534.2696373980373,8108256.0,1114.0915004643443,0.03766079543211486,12058432.0,1124.594501469483,0.03791358039465246
lc20,orig,M+,cen6,MOMENTO_(+)_INICIO_LONG_1,kN.m,5351,1495.006652986345,146.0549902226726,1.9816684230220245,7.488231878580893,1.0061590258032083,147.3327732869474,1348.0529060423664,7617148.5,3643.5224681964623,0.006945641228596356,11328067.0,3700.659193161818,0.006946693072420897
lc20,orig,M-,cen8,MOMENTO_(-)_APOIO_CENTRAL_LONG_1,kN.m,3114,1214.9487853653886,106.64764628969894,1.7372570083617065,7.3774134242655265,1.0986107019707563,121.22795605421766,1097.9256162488834,4432779.0,2550.285236400199,0.011576835508425188,6592338.0,2584.528078801362,0.0116034696366062
lc20,orig,V,cen8,CORTANTE_APOIO_CENTRAL_LONG_1,kN,6956,424.27476857396283,40.495615424818034,2.067718750607461,8.101089778871723,0.9780671644955873,39.22452670536463,384.6702017343828,9901866.0,1057.1407830244177,0.02342843683980542,14725852.0,1074.0855812447203,0.023415652813812835
lc20,pb,M+,cen6,MOMENTO_(+)_INICIO_LONG_1,kN.m,2871,1528.6032245642775,139.01067519776794,1.8734776216965334,7.789325869618454,1.044588650390506,147.72608450935556,1383.4331577655407,4086868.5,3385.552151012917,0.007942622580203125,6077907.0,3435.4931501247984,0.00795135295926808
lc20,pb,M-,cen6,MOMENTO_(-)_APOIO_CENTRAL_LONG_1,kN.m,4011,1293.209023149358,120.04341169363313,1.6444342422190417,6.651480382283909,1.139562803320587,143.02818143794084,1156.722164248792,5709658.5,2746.689289624475,0.01115050839487231,8491287.0,2782.227330429441,0.011184961695330887
lc20,pb,V,cen6,CORTANTE_APOIO_CENTRAL_LONG_1,kN,2733,477.16434927873195,41.901835447157254,1.804609972572508,7.054320411299421,1.0710566068068146,46.05939639661695,432.3143951480661,3890425.5,1015.8427041524867,0.027851680648169477,5785761.0,1030.0802717879644,0.027899428807779205
lc20,pr,M+,cen8,MOMENTO_(+)_INICIO_LONG_1,kN.m,3879,1758.2038819874458,157.56571863703866,1.438562050040677,5.42938433624603,1.2448656016960737,209.136741493319,1563.2332800563595,5521756.5,3456.307686536634,0.010208553182927831,8211843.0,3495.0882554047266,0.010259369864311908
lc20,pr,M-,cen8,MOMENTO_(-)_APOIO_CENTRAL_LONG_1,kN.m,3680,1540.1097946574682,138.99839281888535,1.68570874910896,6.608106036185009,1.1209049232304096,162.16450939865186,1384.5784279460267,5238480.0,3251.7401997859924,0.009287961969705019,7790560.0,3294.4123620149567,0.009313371956667638
lc20,pr,V,cen6,CORTANTE_APOIO_CENTRAL_LONG_1,kN,6054,522.7708954194973,50.779885230015395,1.5640492300303546,5.804718017292963,1.1781213801354173,63.0691052354376,463.1548254502883,8617869.0,1125.6422515684817,0.028398774121269777,12816318.0,1139.5915417156043,0.02850437406733851
lc20,rj,M+,cen4,MOMENTO_(+)_INICIO_LONG_1,kN.m,1080,1628.5947454206002,119.5830277145829,2.004655121911244,9.388515151572157,0.998451385553926,119.31943667660225,1509.196947317758,1537380.0,3215.9906008930143,0.008333479135116246,2286360.0,3263.616550922795,0.008333123967709586
lc20,rj,M-,cen6,MOMENTO_(-)_APOIO_CENTRAL_LONG_1,kN.m,1922,1360.8996791920947,128.98191256064024,1.878104247752074,7.414764004407941,1.0428689152002335,136.7601870561808,1226.4218579091794,2735967.0,3040.8268667817197,0.008519265703460756,4068874.0,3087.387797974131,0.008528524493948454
lc20,rj,V,cen8,CORTANTE_APOIO_CENTRAL_LONG_1,kN,2411,487.93096405140705,45.759781946477865,1.6737032549425366,6.473845941358249,1.1262559754773978,53.71296003718352,436.4912829449026,3432058.5,1032.9451840910415,0.028415700462209398,5104087.0,1046.8917110449065,0.028498743778510208
lc20,sc,M+,cen8,MOMENTO_(+)_INICIO_LONG_1,kN.m,1997,1814.5643091699435,149.41019352407176,1.6168973256606873,6.643738221932869,1.152431044727564,180.55389170946063,1642.8362695046103,2842729.5,3520.4694100736224,0.009120760679978648,4227649.0,3563.907379498548,0.009152613265528667
lc20,sc,M-,cen8,MOMENTO_(-)_APOIO_CENTRAL_LONG_1,kN.m,699,1674.8657233251768,120.21172661486789,2.211804982453208,12.019066057945377,0.935327688511461,108.95839587823674,1562.504487405664,995026.5,3366.807970245073,0.007159198117107685,1479783.0,3422.2991297462913,0.007145186852191235
lc20,sc,V,cen8,CORTANTE_APOIO_CENTRAL_LONG_1,kN,1482,571.2417495729104,44.970263933021585,1.6855255053731901,7.463891330651643,1.1209862394258379,52.47010121120881,520.9190164949074,2109627.0,1093.1731446646527,0.028525483966755763,3137394.0,1107.066105642874,0.028608389970147124
lc20,sp,M+,cen6,MOMENTO_(+)_INICIO_LONG_1,kN.m,3890,1625.6821962667564,151.2594092648286,1.5824556029715227,6.019537353602182,1.1690213163383305,186.07455074779097,1449.419801711833,5537415.0,3392.826597910147,0.009340009944631168,8235130.0,3435.2414405466834,0.009374155872799833
lc20,sp,M-,cen8,MOMENTO_(-)_APOIO_CENTRAL_LONG_1,kN.m,1623,1486.2168731859067,118.79817638892938,1.7135610223939701,7.211018993458115,1.1087241479195655,136.65869036154055,1354.6923050035552,2310340.5,2893.6536962936343,0.010556489739385772,3435891.0,2931.2002154709153,0.01058419179394164
lc20,sp,V,cen6,CORTANTE_APOIO_CENTRAL_LONG_1,kN,2499,516.4908601918545,44.000133213727466,1.590678743429472,6.249521356885962,1.1650090971030296,53.89712224642214,465.3867918318928,3557326.5,1018.9569769759989,0.03174593449538043,5290383.0,1031.4357139135393,0.031862923031227175
lc30,mg,M+,cen8,MOMENTO_(+)_INICIO_LONG_1,kN.m,2724,3442.843023468981,309.89705020441244,1.5718509746205407,6.055210399387672,1.1742438815534115,383.3335291151551,3080.170503027438,3877614.0,6964.6776928163235,0.004585945316828786,5766708.0,7051.054350593333,0.004603552702825741
lc30,mg,M-,cen6,MOMENTO_(-)_APOIO_CENTRAL_LONG_1,kN.m,4938,2368.36865296903,218.98004010622554,1.3087770046062706,4.959529905700074,1.3236902093514802,311.98591035370254,2081.2428579106513,7029243.0,4587.130881135821,0.00832788870604483,10453746.0,4634.642606066151,0.008378674180976523
lc30,mg,V,cen6,CORTANTE_APOIO_CENTRAL_LONG_1,kN,4285,649.9632844067847,62.81268857150552,1.602639908020867,5.956830555360973,1.1592307161539792,76.46625854447349,577.3576327022528,6099697.5,1396.3465421813048,0.0221145004381353,9071345.0,1414.2621869445509,0.022190831166664524
lc30,mt,M+,cen6,MOMENTO_(+)_INICIO_LONG_1,kN.m,1724,4184.105385867345,283.25337891402904,1.7831380666719696,9.299784544512704,1.0796547245234254,314.68842345467255,3878.536947651041,2454114.0,7675.522464940903,0.004183649966726467,3649708.0,7770.29382688753,0.0041918736651501785
lc30,mt,M-,cen4,MOMENTO_(-)_APOIO_CENTRAL_LONG_1,kN.m,2228,2510.0120772907435,188.61538967224337,2.6407119873184466,12.910930756810503,0.8331962217576804,141.8426929034929,2353.7126445077924,3171558.0,6003.738357784378,0.003417160967940893,4716676.0,6120.188028099538,0.0033993068183809584
lc30,mt,V,cen6,CORTANTE_APOIO_CENTRAL_LONG_1,kN,3218,796.2807376171401,59.04765590539215,1.3498056702103103,5.930749676253415,1.297584919445217,82.24348631918193,720.2940048669359,4580823.0,1394.691029805531,0.0295101612820175,6812506.0,1408.1005135430037,0.029683569419291768
lc30,orig,M+,cen8,MOMENTO_(+)_INICIO_LONG_1,kN.m,3900,2776.1101908898318,272.5592659578223,1.767811881673437,6.242557828702749,1.085897091589868,305.12506874638507,2480.414636329447,5551650.0,6294.7128421004045,0.004421141923257319,8256300.0,6384.391899663864,0.004429976113614492
lc30,orig,M-,cen8,MOMENTO_(-)_APOIO_CENTRAL_LONG_1,kN.m,5316,1899.8517053431574,188.01677764334713,1.3735726197284561,5.053556753912081,1.2829798236489296,258.4914054685208,1660.4663881371405,7567326.0,3886.6653781323503,0.009128369467419458,11253972.0,3930.0242373863257,0.009178332986089126
lc30,orig,V,cen6,CORTANTE_APOIO_CENTRAL_LONG_1,kN,2854,548.575236197441,49.477556455708175,1.720197708429237,6.483679339910337,1.1058687771670521,56.7261508341225,493.9346507898499,4062669.0,1159.1048976415614,0.025299377257535487,6041918.0,1174.7728940308157,0.025361812289716065
lc30,pb,M+,cen8,MOMENTO_(+)_INICIO_LONG_1,kN.m,1703,3066.546812658741,277.48059008398826,2.0202579505883667,8.434998689518974,0.9933056706562637,274.8329950329185,2790.9255793062043,2424220.5,6905.108823503815,0.0035493331840467783,3605251.0,7016.937477070949,0.0035486960251259647
lc30,pb,M-,cen6,MOMENTO_(-)_APOIO_CENTRAL_LONG_1,kN.m,1950,2142.0326509915517,203.3804648784494,1.8386381000819725,7.414562247762774,1.0577719222754243,219.84452755058584,1926.9972597575143,2775825.0,4741.954574024546,0.0055750718525667976,4128150.0,4813.091617501809,0.005583115884435407
lc30,pb,V,cen8,CORTANTE_APOIO_CENTRAL_LONG_1,kN,2059,596.6095907931065,52.32435985473272,2.0835328725796765,8.971389107606408,0.9731236236169936,50.30915363677558,545.6970971279609,2930986.5,1352.8595661146815,0.01795256604665361,4358903.0,1374.9748555039992,0.01793952872374693
lc30,pr,M+,cen6,MOMENTO_(+)_INICIO_LONG_1,kN.m,2015,3616.7423099387993,309.9331801641852,1.651405945698664,6.791016984222438,1.1363590940833093,367.9612430954305,3265.312828452051,2868352.5,7222.809289388784,0.004269569356998436,4265755.0,7315.617719362215,0.004283086294739188
lc30,pr,M-,cen6,MOMENTO_(-)_APOIO_CENTRAL_LONG_1,kN.m,916,2787.6199179095647,189.85229061581575,2.2891456006924664,12.745479364081815,0.9143605773337186,166.1864021941071,2614.2403544256345,1303926.0,5612.069052322625,0.004294778740011026,1939172.0,5704.600204532915,0.004283612353740778
lc30,pr,V,cen6,CORTANTE_APOIO_CENTRAL_LONG_1,kN,1994,714.0256174508015,62.04876949244394,1.5768322587154333,6.190487396614726,1.171783927083016,76.55383346061073,641.5560681187151,2838459.0,1407.3937985598054,0.02273493371563056,4221298.0,1424.8168599097053,0.022822959389316284
lc30,rj,M+,cen6,MOMENTO_(+)_INICIO_LONG_1,kN.m,911,3289.163841014959,275.9790246946116,1.7272193319882985,7.463482906732489,1.102867241948843,315.2948207507007,2985.191832572019,1296808.5,6453.024937388801,0.0044763734703155,1928587.0,6541.570890044781,0.004487998412908531
lc30,rj,M-,cen8,MOMENTO_(-)_APOIO_CENTRAL_LONG_1,kN.m,2221,2137.7358215202244,193.2285563160885,1.5434071428528628,6.186656708827431,1.1885268758982424,242.59562286263946,1908.9630694780676,3161593.5,4272.732121132443,0.0075253504809808846,4701857.0,4325.361575244649,0.007556657022577776
lc30,rj,V,cen8,CORTANTE_APOIO_CENTRAL_LONG_1,kN,1351,618.0307150337027,51.827946726938755,1.6841717060796413,7.0295230170184135,1.1215866209007803,60.513018927828995,560.0039393726855,1923148.5,1215.396687819031,0.02476189851470135,2860067.0,1231.401002068672,0.02483464179268292
lc30,sc,M+,cen8,MOMENTO_(+)_FIM_LONG_1,kN.m,6307,3046.8096297493394,308.2990308167163,1.5862183787294242,5.784402017490312,1.1671812815591693,378.5196029061713,2688.092834121841,8978014.5,6761.664547079281,0.004587352651601941,13351919.0,6848.028811011442,0.0046034704872529135
lc30,sc,M-,cen6,MOMENTO_(-)_APOIO_CENTRAL_LONG_1,kN.m,4473,2307.381549439942,207.81878122962732,1.450481032880775,5.511264215986934,1.238151898421347,274.0796985065974,2051.545111610978,6367315.5,4580.8815401350175,0.007669102418351911,9469341.0,4632.507404136679,0.007706094580776181
lc30,sc,V,cen8,CORTANTE_APOIO_CENTRAL_LONG_1,kN,4586,626.7399605343031,58.63972400794973,1.6098487895858304,6.044331554850626,1.1557808253914121,71.1208955538117,559.1522054483604,6528171.0,1329.1836565152093,0.023552406289732177,9708562.0,1346.0061949515039,0.023631832220979358
lc30,sp,M+,cen6,MOMENTO_(+)_FIM_LONG_1,kN.m,1625,3282.079515313817,288.2374676611819,1.8081727313378517,7.668845455395847,1.0696461336687209,316.2794399394489,2973.9611159260235,2313187.5,6865.433297324773,0.004027972000111475,3440125.0,6963.878556478454,0.004034986648904546
lc30,sp,M-,cen6,MOMENTO_(-)_APOIO_CENTRAL_LONG_1,kN.m,3608,2204.124919452576,208.78309947519236,1.5693422118643419,6.167532111202505,1.1754874425008897,258.5961755778226,1959.5375973998525,5135988.0,4614.749388481221,0.006840650788173582,7638136.0,4672.657303839605,0.0068665992315944955
lc30,sp,V,cen6,CORTANTE_APOIO_CENTRAL_LONG_1,kN,1366,661.8612836829404,55.178597443225016,1.8041364526345487,7.634973066724983,1.0712443597614765,60.66769521065203,602.7902840071047,1944501.0,1338.2217909715164,0.021092611463610536,2891822.0,1357.0209388678709,0.02113057571303028
